Dre,Curso,Nome,Gênero,Data de Nascimento,Altura,Peso,CRA,Créditos Obtidos,Renda
118188499,Engenharia Naval,Gabriel,masculino,25/11/1998,1.8,85,4.0,28,1000.0
118188499,engenharia naval,Gabriel,masculino,25/11/1998,1.8,80,6.1,28,2500.0
1141447748,engenharia eletrônica,Arthur,masculino,12/12/1997,1.7,70,6.0,25,1900.0
5048375401033740,engenharia naval,Valene,feminino,06/06/2001,2.01,103,1.51,23,16193.59
5048379366852110,engenharia mecânica,Nicoli,feminino,17/08/1998,1.98,58,0.66,2,37569.55
5048370921851390,engenharia mecânica,Dianemarie,feminino,09/01/1996,2.1,85,5.35,28,33779.27
5048376368318892,engenharia civil,Valentijn,feminino,02/06/2002,1.81,48,3.89,14,2070.46
5108759949114657,engenharia naval,Peirce,feminino,16/08/1997,1.94,119,7.04,9,25764.32
5048372609749409,engenharia mecânica,Malachi,masculino,12/04/1999,1.7,110,4.94,31,22012.96
5108755427143333,engenharia de produção,Tammie,feminino,15/08/2001,1.58,117,3.77,28,37752.29
5048376281992138,engenharia de produção,Marcela,masculino,06/04/2002,2.07,89,9.55,25,11119.68
5108750109036194,engenharia naval,Eran,masculino,03/12/2002,1.71,95,8.25,20,4185.86
5048377654442727,engenharia naval,Clarisse,masculino,17/08/2001,1.7,104,0.39,21,4636.88
5048376453470046,engenharia de produção,Rowland,feminino,12/07/1995,2.06,74,8.64,24,22685.3
5108758199091714,engenharia de produção,Noach,feminino,24/05/1995,1.69,79,3.64,1,44780.34
5108751664085584,engenharia de produção,Cecelia,masculino,20/07/2000,1.58,68,2.87,6,1233.04
5048373072542354,engenharia mecânica,Lucita,feminino,22/07/1997,1.7,71,4.03,12,42103.21
5108754315908014,engenharia civil,Stanton,masculino,03/08/1999,2.08,69,8.05,9,16293.66
5108759921788486,engenharia de produção,Norris,feminino,20/12/1996,1.68,69,8.29,28,25420.83
5108750479050874,engenharia de produção,Ossie,feminino,24/11/1995,1.57,69,4.21,31,17959.4
5108751293821797,engenharia mecânica,Derry,feminino,06/03/1997,2.09,116,7.91,7,37458.92
5108757827780789,engenharia mecânica,Sascha,masculino,15/03/2002,1.69,120,0.14,2,34191.44
5048373195386333,engenharia naval,Natalya,feminino,17/10/2000,1.57,45,3.58,13,34348.9
5108758418692151,engenharia de produção,Darcie,feminino,03/08/1999,1.57,117,6.38,3,27038.89
5108756055815838,engenharia de produção,Jerald,masculino,20/04/2001,2.06,64,7.67,32,1958.39
5048370764072294,engenharia civil,Cyril,masculino,14/12/2002,1.9,105,9.96,3,24567.72
5108752339324747,engenharia naval,Bette-ann,masculino,30/05/2001,1.73,102,0.02,21,10521.76
5048373858970282,engenharia de petróleo,Jemimah,feminino,19/08/2002,1.62,63,7.21,10,33565.67
5048370538344623,engenharia de petróleo,Holmes,masculino,22/01/1995,1.77,58,8.25,23,27620.22
5048370011278421,engenharia naval,Rickey,masculino,15/08/1996,2.07,113,5.01,5,42427.14
5108756197898957,engenharia de petróleo,York,feminino,03/02/1997,1.86,47,6.89,21,11427.19
5108755885041755,engenharia mecânica,Dane,feminino,09/11/2000,1.52,68,6.57,2,27482.8
5048377039357426,engenharia civil,Joann,masculino,01/01/2001,1.85,53,3.94,26,29433.71
5108753265682314,engenharia civil,Caspar,feminino,23/08/1996,2.0,52,1.65,15,8748.34
5048370021531488,engenharia de petróleo,Bengt,feminino,13/01/1996,1.79,69,5.16,12,28984.82
5108754710350507,engenharia mecânica,Hillie,feminino,22/07/1995,1.96,66,7.61,21,30441.29
5048372841439884,engenharia naval,Kristina,masculino,29/11/2001,1.75,102,1.03,21,31493.51
5108752019136296,engenharia naval,Cherin,masculino,22/12/2001,1.88,51,5.6,23,3342.79
5108752376952798,engenharia mecânica,Arden,feminino,17/04/2001,1.81,59,0.62,11,20630.74
5048379422494642,engenharia mecânica,Clare,feminino,10/06/2002,1.81,74,8.7,29,29164.55
5048372101560692,engenharia naval,Cate,masculino,21/07/1996,1.64,83,3.65,21,42837.0
5048374194711554,engenharia mecânica,Violante,masculino,13/11/1998,1.55,63,7.89,29,22902.92
5048371254985169,engenharia civil,Coleman,masculino,27/04/2001,1.63,60,1.21,1,19790.35
5108759933221021,engenharia de petróleo,Janeen,feminino,12/03/1997,1.7,66,9.38,32,31637.3
5108758523452772,engenharia naval,Hobie,feminino,06/12/1998,1.75,53,1.83,9,34530.45
5048377782843465,engenharia civil,Emmye,masculino,12/09/2000,2.07,79,0.32,1,43055.53
5048376452849802,engenharia de petróleo,Lissie,feminino,21/02/1995,1.51,61,2.17,15,31719.54
5108752903454912,engenharia de produção,Bartlett,masculino,30/11/1995,1.5,87,9.77,5,18646.15
5108755040817750,engenharia mecânica,Ilysa,feminino,28/04/1996,2.09,67,7.04,2,14974.68
5048379888224327,engenharia de produção,Godfry,masculino,29/07/1995,1.68,109,3.06,28,29206.65
5048373138433796,engenharia naval,Charmaine,feminino,13/11/1997,1.62,109,7.59,12,36324.92
5108754331691057,engenharia naval,Hillard,feminino,26/09/2000,1.9,46,0.01,4,13422.1
5048370622708642,engenharia de petróleo,Dur,masculino,03/12/1995,1.71,119,2.92,20,18104.8
5048371337439267,engenharia civil,Suzann,masculino,07/03/1998,2.09,48,0.34,15,36835.99
5048372393279670,engenharia de petróleo,Adair,feminino,21/10/1998,1.82,120,4.62,1,10058.56
5108759649663078,engenharia de produção,Horatio,masculino,31/05/1999,1.66,98,4.92,29,22057.04
5108757205384220,engenharia civil,Armstrong,masculino,23/01/2000,1.67,106,8.97,8,29593.98
5108759833412407,engenharia civil,Reiko,masculino,10/05/1999,1.83,111,1.24,19,36659.4
5048373491364224,engenharia naval,Pollyanna,feminino,04/09/2002,1.68,49,6.81,12,19165.23
5048370756743357,engenharia de petróleo,Deena,feminino,22/06/1995,1.74,51,9.49,10,39293.45
5108751790863672,engenharia de petróleo,Rriocard,feminino,04/04/2000,1.94,61,6.22,8,31521.6
5048374453829469,engenharia de petróleo,Yorgo,masculino,18/09/1996,1.85,60,6.83,21,26569.52
5048372604518965,engenharia de produção,Rosetta,masculino,11/02/1995,2.04,79,9.17,21,12728.71
5048374843050404,engenharia naval,Heriberto,feminino,02/11/1995,1.99,55,2.49,26,24102.89
5108759404393531,engenharia mecânica,Edgardo,feminino,12/02/1995,1.83,76,5.08,15,13781.23
5108757133890553,engenharia de petróleo,Sheff,feminino,15/08/2002,2.02,73,0.22,31,13918.08
5048372813550510,engenharia civil,Chen,masculino,19/08/1998,1.56,103,6.79,17,5954.6
5048376759455451,engenharia civil,Rock,feminino,20/10/2000,2.01,107,5.03,16,11701.94
5108751523681946,engenharia de petróleo,Nathan,masculino,13/07/1999,1.59,94,9.52,25,25311.89
5108758948405744,engenharia de produção,Gretta,masculino,20/12/1998,1.71,62,0.04,1,16968.82
5108755450103774,engenharia mecânica,Orion,masculino,07/07/1997,1.97,96,5.82,25,14208.18
5048379270633077,engenharia de produção,Byram,masculino,28/07/1995,1.88,63,6.83,7,28758.72
5048379259936400,engenharia naval,Konstance,masculino,02/12/2002,1.8,100,9.18,24,29544.42
5048379085099324,engenharia naval,Ralf,masculino,23/10/2000,1.96,113,8.88,31,41755.89
5108759797106672,engenharia de produção,Sullivan,feminino,24/10/1999,1.94,85,6.03,5,9456.92
5108754595464050,engenharia mecânica,Sheree,masculino,18/03/2001,1.64,103,7.65,3,19311.64
5048375190124361,engenharia naval,Lucienne,masculino,14/01/1997,1.79,55,0.72,14,18692.15
5048373529615472,engenharia civil,Timothea,masculino,21/01/1995,1.66,59,9.75,0,29565.82
5048371394299422,engenharia de petróleo,Quill,masculino,04/12/2002,2.08,120,7.47,14,8228.64
5108756120924615,engenharia de petróleo,Karlis,feminino,10/01/2000,1.6,47,4.29,1,40765.45
5108755092412484,engenharia naval,Jonah,masculino,09/07/1997,2.05,118,3.91,0,2507.92
5108754560687321,engenharia civil,Hastings,masculino,27/12/1996,1.68,55,2.47,21,37960.27
5108758955458164,engenharia civil,Rufus,masculino,11/06/2000,2.1,112,6.3,15,42460.18
5108757196545706,engenharia naval,Becka,masculino,05/03/2000,1.85,109,1.56,4,13814.6
5048377089599372,engenharia civil,Tull,feminino,29/03/2002,1.59,106,3.13,25,33767.56
5048375307745389,engenharia civil,Weidar,masculino,15/05/1995,1.79,110,6.84,31,37018.91
5108755272884411,engenharia civil,Kati,feminino,19/02/1998,2.09,102,1.17,25,18423.73
5108751368189500,engenharia de petróleo,Ibbie,feminino,29/05/1999,1.84,55,0.24,3,25850.98
5048372250842057,engenharia naval,Brynne,masculino,17/08/1996,1.82,76,4.77,19,22287.0
5048371438223990,engenharia de produção,Zachary,masculino,06/04/1998,1.65,78,6.8,23,20347.49
5108758392404268,engenharia de produção,Rick,masculino,28/07/2002,1.79,71,7.63,18,32530.53
5108756951355244,engenharia naval,Adham,feminino,29/02/1996,2.07,63,9.56,9,30096.94
5048376422749462,engenharia naval,Si,masculino,19/08/1997,1.62,110,1.21,12,21865.23
5108759875142086,engenharia naval,Dareen,masculino,12/11/2001,1.88,68,0.0,5,17394.0
5048371966585083,engenharia de petróleo,Judon,masculino,26/06/2001,1.52,83,6.65,8,41734.17
5108753549873655,engenharia mecânica,Ashlan,feminino,30/01/1995,1.58,74,2.68,7,35617.29
5048371215310200,engenharia de produção,Ros,feminino,09/07/1999,2.1,77,8.96,12,31517.15
5108754554385957,engenharia mecânica,Aubine,feminino,29/10/1996,1.51,89,6.31,7,12619.58
5048371972062580,engenharia de petróleo,Paule,masculino,18/12/2000,1.65,48,1.01,21,7670.38
5048374936295015,engenharia de petróleo,Malissa,feminino,06/09/1997,2.0,116,2.42,23,8706.88
5108755387852725,engenharia de petróleo,Ros,feminino,09/05/1995,1.8,111,3.83,7,21093.01
5108751107228601,engenharia de produção,Dorise,masculino,23/12/1998,1.75,72,9.11,23,31292.2
5108752028931398,engenharia naval,Tiffanie,feminino,17/11/2000,1.77,56,0.58,3,9001.62
5108756128797443,engenharia civil,Anthia,masculino,09/08/2001,1.53,64,8.25,8,20586.86
5108755483299938,engenharia naval,Thaddus,masculino,12/07/1995,1.5,92,3.28,29,23099.33
5108751698431036,engenharia de produção,Mersey,masculino,23/09/2001,1.8,106,5.43,18,35707.27
5108751462511278,engenharia mecânica,Annice,feminino,10/07/2001,1.7,114,0.46,26,41881.85
5108750529083925,engenharia de petróleo,Felice,feminino,05/03/1996,1.73,106,4.89,31,4862.14
5108754120661089,engenharia de petróleo,Cornelia,feminino,26/10/2002,1.59,63,9.95,26,5924.0
5108756486642595,engenharia de petróleo,Shelagh,feminino,02/08/1996,1.52,112,0.47,14,2786.12
5108756715459852,engenharia civil,Anabal,feminino,08/03/1998,2.04,79,8.18,31,33767.5
5108754103638864,engenharia de petróleo,Benjy,feminino,27/01/2002,1.74,79,8.65,0,36086.39
5048370028900496,engenharia de petróleo,Margarita,feminino,30/04/1999,2.0,71,6.23,5,43854.1
5048379355557811,engenharia civil,Ferdinanda,feminino,06/10/2002,1.6,110,6.07,2,28525.29
5048372077398986,engenharia naval,Sanderson,feminino,12/12/2001,1.86,105,8.23,21,44039.75
5048376159201836,engenharia mecânica,Alexio,masculino,25/08/1999,1.62,68,3.33,28,18780.21
5108751761865649,engenharia de petróleo,Joanie,masculino,01/01/1997,1.94,108,7.14,2,20719.39
5048371534357916,engenharia mecânica,Corby,feminino,09/02/1998,1.94,116,9.63,10,30111.46
5108750781849807,engenharia mecânica,Lorelei,feminino,24/04/1996,1.72,108,5.6,2,39091.48
5108752129538019,engenharia de petróleo,Sophie,masculino,26/06/1998,2.05,112,0.0,13,17637.66
5048374173411390,engenharia de petróleo,Dunstan,masculino,20/03/1996,1.9,77,1.68,2,31857.3
5108757168819188,engenharia civil,Elora,masculino,06/03/2002,1.93,71,1.28,6,16711.87
5108759044087113,engenharia de produção,Frances,masculino,23/10/1995,1.83,54,8.07,7,34556.93
5048372553250966,engenharia naval,Alvera,masculino,30/12/1995,1.96,105,5.86,30,17530.43
5048370020027132,engenharia civil,Guntar,masculino,16/07/2000,1.85,58,8.0,16,5311.68
5048379417009322,engenharia de produção,Jens,feminino,11/05/2002,1.65,108,6.7,17,41013.98
5048379998298385,engenharia de produção,Uri,feminino,26/05/1995,2.02,62,6.87,2,34753.07
5048375497366590,engenharia civil,Nat,masculino,03/08/2001,1.59,90,2.19,4,40730.17
5108750759592868,engenharia de produção,Hilliary,masculino,15/06/1998,1.95,64,9.41,13,39093.07
5048377717186493,engenharia civil,Alisander,feminino,02/05/1996,1.55,52,6.82,31,7058.83
5108750494739139,engenharia mecânica,Creight,feminino,13/01/2000,1.94,57,0.64,8,25665.67
5108757960310840,engenharia civil,Ezri,feminino,08/08/2001,1.82,88,0.53,16,13590.72
5048371840202558,engenharia de petróleo,Rustie,feminino,17/02/1995,2.02,48,9.07,13,41593.31
5108750525999488,engenharia mecânica,Lavinie,feminino,08/09/2000,2.0,83,0.31,9,19072.72
5048372820505937,engenharia naval,Artemis,feminino,31/01/1999,2.04,57,3.58,7,3987.53
5108756060885149,engenharia civil,Constantin,feminino,26/01/1998,1.88,53,7.77,24,35042.97
5108751242702163,engenharia mecânica,Thayne,feminino,02/12/2000,1.54,60,1.7,9,34098.16
5048370529288474,engenharia naval,Victor,feminino,09/02/1996,1.92,77,9.96,10,4091.81
5048374179254539,engenharia mecânica,Pasquale,feminino,21/07/1997,1.96,79,8.97,2,34901.01
5108752470383965,engenharia mecânica,Andy,masculino,02/03/1998,1.57,120,5.74,21,11504.16
5048376790833914,engenharia de produção,Richardo,feminino,31/03/1998,1.82,101,9.57,25,30446.08
5108752205554179,engenharia naval,Templeton,masculino,19/04/1997,2.05,72,7.0,25,21241.1
5048373040347084,engenharia naval,David,masculino,13/11/2001,1.55,82,5.01,25,4188.34
5048370469323091,engenharia de petróleo,Nancey,masculino,22/02/1999,1.53,90,4.81,9,17621.94
5108754111699635,engenharia naval,Niles,feminino,14/12/1999,1.66,110,2.54,15,868.43
5048379842198369,engenharia mecânica,Maddy,feminino,23/11/1998,2.07,89,0.71,1,15948.96
5048374753416264,engenharia de petróleo,Jemie,masculino,11/05/1999,1.57,65,2.05,4,30054.34
5108750549628824,engenharia de produção,Artemis,masculino,23/12/1999,1.53,119,5.02,27,14100.22
5048372947977811,engenharia de produção,Clemmy,feminino,26/08/2001,1.79,113,6.16,21,37189.96
5048379974598972,engenharia naval,Ellissa,feminino,04/09/2000,1.6,96,1.11,31,29012.5
5108755238184526,engenharia de petróleo,Maryanna,masculino,13/10/2000,1.59,87,8.66,19,21071.63
5108757502570356,engenharia mecânica,Onofredo,masculino,09/12/1997,2.0,68,2.38,4,22501.99
5048372231941739,engenharia civil,Odessa,masculino,07/02/1997,1.89,52,2.33,25,41886.13
5048372682690454,engenharia de produção,Hendrika,feminino,09/02/2000,2.03,115,4.44,12,20290.96
5048370797086840,engenharia de petróleo,Eberhard,masculino,07/05/1999,1.53,114,5.66,5,11960.73
5108754618859849,engenharia de produção,Lance,masculino,18/09/2000,1.64,113,1.14,28,23911.04
5048370692136633,engenharia naval,Hermina,masculino,24/07/2002,2.1,99,4.38,1,30427.02
5108754281441099,engenharia civil,Maurene,feminino,28/03/2001,2.05,68,4.82,22,25476.2
5108752492722026,engenharia de produção,Tomi,masculino,17/03/2001,1.53,107,8.19,24,14590.37
5048371055280141,engenharia mecânica,Rodd,feminino,29/10/2000,1.82,85,1.88,28,31574.56
5108757919202635,engenharia naval,Shayla,masculino,12/01/2001,1.92,70,7.8,8,26280.19
5108759468176129,engenharia de produção,Charline,feminino,09/10/1996,1.5,68,8.17,21,32333.09
5108758375747170,engenharia mecânica,Dex,feminino,03/04/1999,1.77,114,8.85,17,18397.85
5108753885372833,engenharia mecânica,Eddi,masculino,30/07/2001,1.53,64,5.1,13,44497.43
5048370789602075,engenharia mecânica,Ulrike,masculino,10/01/2002,2.04,64,0.34,1,3202.58
5048374484125887,engenharia mecânica,Samara,feminino,14/03/2001,1.88,118,8.93,27,23671.77
5108754786019267,engenharia de produção,Dolly,feminino,03/08/1999,1.81,117,3.08,5,35661.33
5108750922396825,engenharia de produção,Geoffrey,feminino,03/12/1998,1.57,80,6.79,26,11596.84
5108751595588391,engenharia mecânica,Halsy,masculino,31/10/1999,1.79,104,4.48,11,42800.77
5108758082219133,engenharia mecânica,Lesley,masculino,22/07/1997,1.78,87,6.02,22,2460.29
5048370410773352,engenharia de produção,Mortie,feminino,25/07/1999,1.83,92,8.97,13,4037.08
5108753961625682,engenharia naval,Cyb,feminino,13/10/1999,2.02,114,0.37,22,38489.28
5048379142260174,engenharia de petróleo,Briggs,feminino,25/10/2000,1.71,105,4.84,24,17067.46
5048370475812574,engenharia de produção,Shepard,feminino,30/10/2001,1.88,84,6.04,32,33231.66
5108750086292257,engenharia de petróleo,Andria,feminino,19/05/2000,1.89,67,6.48,24,20216.46
5108758375637769,engenharia civil,Gretna,masculino,17/09/2000,1.9,73,4.12,20,22992.53
5048375252726129,engenharia de petróleo,Grant,masculino,06/11/1995,2.04,50,9.47,22,15946.19
5108757520603460,engenharia civil,Pepi,masculino,06/08/2000,1.62,61,2.91,8,3099.89
5048374783448915,engenharia civil,Irwinn,feminino,02/07/1996,1.52,109,1.72,2,14166.69
5108755207399915,engenharia de petróleo,Gannie,masculino,19/04/2002,1.51,70,6.09,12,11946.01
5048379752262973,engenharia de produção,Magdaia,feminino,14/12/1999,1.68,101,6.04,5,1856.95
5048374834665079,engenharia de petróleo,Harmon,feminino,17/04/1995,1.76,103,6.26,7,44120.93
5108753279793206,engenharia de petróleo,Teodoor,masculino,24/04/1996,2.05,93,8.56,16,14106.59
5108757988743238,engenharia de petróleo,Darrelle,feminino,03/02/1998,1.83,99,6.73,25,28112.62
5048374804758532,engenharia de petróleo,Wini,masculino,12/07/2000,1.55,119,9.22,3,9569.72
5108755364840735,engenharia de petróleo,Marrilee,masculino,10/10/1995,1.63,109,9.21,11,15059.34
5108757754402001,engenharia mecânica,Florida,feminino,05/06/1996,1.76,78,4.08,29,15060.81
5108750895904589,engenharia de petróleo,Kippie,feminino,22/04/2000,2.05,102,3.1,5,31089.07
5108755136179917,engenharia civil,Monro,masculino,18/10/2001,1.69,95,0.24,9,15096.39
5048371967331891,engenharia mecânica,Lion,feminino,29/10/1997,1.97,47,9.7,1,3604.79
5108752547924973,engenharia de produção,Tulley,masculino,14/04/1995,1.59,66,5.12,13,44239.34
5108752596817730,engenharia mecânica,Benedikt,feminino,27/10/1995,1.54,104,9.18,24,36348.56
5048373011389453,engenharia de produção,Elvira,feminino,27/09/1999,1.85,99,5.81,4,21153.85
5048379133348806,engenharia naval,Rab,feminino,08/02/1998,1.63,76,6.2,15,32567.11
5048379860087627,engenharia de produção,Gaile,masculino,22/12/2002,1.91,116,3.36,26,28032.14
5048376115733757,engenharia civil,Igor,feminino,29/04/2002,2.04,51,6.83,28,22086.99
5108751890382011,engenharia de petróleo,Bernhard,feminino,29/02/2000,2.03,72,3.76,7,21547.68
5048376801903011,engenharia de produção,Stefania,masculino,11/01/2001,1.55,87,8.22,32,41404.49
5108753570550701,engenharia de produção,Frans,masculino,31/01/2001,1.74,64,0.46,4,30075.79
5048377116349957,engenharia civil,Juieta,feminino,12/09/2002,1.98,85,3.57,30,34358.42
5048376132222164,engenharia mecânica,Jelene,masculino,28/05/1998,1.69,47,5.15,8,14835.59
5108757315594049,engenharia civil,Sabine,feminino,08/07/1995,1.76,64,6.37,9,11995.07
5108759839556603,engenharia mecânica,Tobin,masculino,07/03/2002,1.88,69,7.42,29,23718.92
5108757909768355,engenharia naval,Clovis,feminino,26/07/2002,2.01,110,2.61,27,1303.43
5108750157487828,engenharia de petróleo,Donovan,masculino,03/05/1995,1.69,82,9.98,17,4920.01
5048374957340211,engenharia de petróleo,Westleigh,feminino,17/03/2002,1.8,94,4.17,16,34375.26
5108752783724129,engenharia de petróleo,Asher,masculino,20/05/2000,1.98,75,7.34,7,11689.68
5048376710740579,engenharia de petróleo,Gerardo,masculino,03/12/1999,1.72,67,2.07,1,4581.86
5108757364711858,engenharia de petróleo,Willy,masculino,22/07/1995,2.04,73,7.3,27,10498.49
5048372273665931,engenharia civil,Aile,feminino,22/10/1996,1.55,84,2.23,5,38266.18
5108755086720868,engenharia civil,Pamela,feminino,18/08/1995,2.04,46,8.83,5,6795.8
5048376771789481,engenharia civil,Justin,feminino,04/08/1995,1.78,84,9.32,20,25705.91
5108751254754748,engenharia mecânica,Candra,masculino,02/04/1998,1.74,50,2.68,21,44563.81
5108754533019834,engenharia de petróleo,Martin,feminino,17/04/1999,1.67,88,1.88,28,24767.85
5108751476539224,engenharia de petróleo,Clementius,masculino,07/07/1998,1.99,99,4.91,13,12903.78
5108750169180627,engenharia de petróleo,Evie,masculino,23/11/1995,1.74,111,9.32,30,42035.02
5108755658017222,engenharia civil,Beauregard,feminino,25/08/1996,1.68,106,0.51,21,40609.11
5048371305903492,engenharia civil,Micheal,feminino,21/10/1995,2.02,77,3.43,29,33637.26
5108753822339853,engenharia de produção,Connie,feminino,30/04/2001,1.67,70,6.17,0,36759.96
5108755373342483,engenharia naval,Garry,masculino,03/11/2001,1.6,63,6.56,14,30134.18
5048378867568498,engenharia de petróleo,Cyrill,masculino,11/11/2001,1.66,89,3.75,19,1186.26
5048377431487516,engenharia de petróleo,Ringo,masculino,03/01/2002,1.86,61,7.59,6,5872.83
5108757004498528,engenharia de produção,Dev,feminino,30/03/1997,1.51,93,8.05,22,30894.43
5048377813322950,engenharia naval,Quinn,feminino,10/11/2001,1.61,104,4.51,8,12833.74
5108752237968322,engenharia de produção,Renaud,masculino,14/10/1995,1.82,78,8.33,23,40201.77
5108756727472539,engenharia naval,Jarred,feminino,31/08/2001,1.86,46,9.89,10,25936.96
5108750882012099,engenharia mecânica,Silvio,masculino,09/01/2002,1.79,82,5.05,16,19814.57
5048371973997438,engenharia mecânica,Fleurette,masculino,21/09/1996,1.81,96,1.66,0,22011.17
5108758966979539,engenharia civil,Saraann,feminino,10/05/1996,1.55,65,7.87,11,14621.23
5108759489365651,engenharia de produção,Morgan,masculino,08/01/2000,2.09,116,8.55,1,4812.36
5108754372142168,engenharia naval,Benedikt,masculino,15/10/1999,1.77,79,3.17,25,43048.88
5048373977130206,engenharia naval,Constantia,masculino,06/07/2002,1.65,96,6.58,16,26354.38
5048370840624308,engenharia de produção,Adi,masculino,10/06/1998,1.75,108,1.63,1,44072.27
5048378703945561,engenharia mecânica,Jenn,masculino,15/07/1996,1.72,65,5.24,0,30466.97
5048371945194114,engenharia civil,Rosabelle,feminino,22/02/1995,2.06,66,2.1,10,44553.52
5048378939167634,engenharia de produção,Danielle,feminino,02/04/1997,2.0,65,5.88,31,12037.41
5108750809070022,engenharia de petróleo,Coral,masculino,28/02/1996,2.04,100,1.9,11,29862.31
5048379124553810,engenharia mecânica,Rene,feminino,06/07/1998,1.66,46,2.77,7,23787.19
5108752432537187,engenharia naval,Thatch,feminino,05/03/1995,1.53,119,5.82,20,15293.04
5048374109024150,engenharia mecânica,Frederich,masculino,02/09/1997,1.96,107,1.86,27,44064.23
5048371248108910,engenharia naval,Valentine,feminino,18/11/1996,1.57,74,3.45,6,17161.9
5108757493162932,engenharia mecânica,Nona,feminino,23/04/1997,1.84,94,7.6,10,37140.29
5048379010714666,engenharia de produção,Cosetta,masculino,30/06/1999,2.04,57,6.66,16,17649.05
5048371430186799,engenharia civil,Burtie,masculino,06/05/1996,1.57,118,6.6,13,3939.49
5048373064085248,engenharia mecânica,Veronike,masculino,14/03/1995,2.08,47,6.69,31,20222.27
5048372288744705,engenharia de produção,Abrahan,masculino,10/02/2000,1.85,119,3.17,1,20091.39
5048379405595480,engenharia mecânica,Fairlie,masculino,05/05/1998,1.87,84,7.25,12,26333.36
5048370617969423,engenharia mecânica,Larina,masculino,04/12/2000,1.56,62,4.08,9,19559.97
5048378920022400,engenharia de produção,Tasia,masculino,26/10/2000,1.52,68,1.67,29,7830.86
5108757623379224,engenharia de produção,Mireille,masculino,17/10/2002,1.69,83,5.5,3,25246.3
5108753103225946,engenharia de petróleo,Kala,feminino,01/12/2001,1.79,118,8.78,20,20281.49
5048370916066806,engenharia naval,Ludovika,feminino,16/08/2002,1.82,116,0.93,7,28266.86
5108754300222603,engenharia naval,Nanni,masculino,29/07/1998,1.62,120,3.1,0,23875.43
5048374040177513,engenharia de petróleo,Karney,masculino,01/01/1996,1.51,51,4.18,4,43000.2
5048374304978069,engenharia de petróleo,Isador,masculino,24/01/2002,1.68,53,0.27,30,27282.89
5108755154327778,engenharia mecânica,Creighton,feminino,03/04/2001,1.68,66,6.27,32,23093.54
5108757869434139,engenharia de produção,Ban,feminino,12/03/2001,1.8,120,1.18,29,26519.68
5048373212560506,engenharia de petróleo,Harriet,feminino,03/01/2002,1.59,55,1.09,13,2488.86
5048374654837279,engenharia de petróleo,Andy,feminino,02/04/1996,1.73,54,3.54,28,19778.29
5048376785120368,engenharia de produção,Jeanne,masculino,30/10/1996,1.83,55,0.5,18,1671.87
5048378907845088,engenharia de petróleo,Kat,masculino,31/05/1998,1.95,60,4.28,13,40266.17
5048377491070871,engenharia mecânica,Clemente,feminino,22/12/1998,2.02,50,6.31,28,15589.68
5108755415545796,engenharia de produção,Lillian,masculino,14/12/1997,1.87,80,7.74,9,37671.44
5108758957522090,engenharia de petróleo,Perren,feminino,13/07/2002,1.57,95,4.48,18,1989.89
5048371092277514,engenharia de produção,Corbett,masculino,30/04/2000,1.65,90,8.1,13,17913.17
5048378804120452,engenharia mecânica,Jemimah,masculino,18/09/2001,1.79,45,1.12,18,20728.09
5108754254431853,engenharia civil,Jennie,masculino,18/07/2000,2.04,81,9.04,4,33885.11
5108752397760204,engenharia mecânica,Vittorio,masculino,26/10/1998,1.64,119,6.74,31,10582.9
5048375024461237,engenharia de produção,Kitty,masculino,16/11/1997,1.98,93,4.86,11,2760.27
5108759344144127,engenharia de petróleo,Sean,feminino,07/07/1998,1.67,91,8.36,7,37161.18
5048374657759686,engenharia civil,Lizette,masculino,09/08/1996,1.59,104,2.75,32,14883.81
5048370750876732,engenharia de petróleo,Eugenius,masculino,09/08/2000,1.84,90,0.9,31,29700.52
5048371882517996,engenharia naval,Zachery,feminino,08/05/1995,1.91,71,9.76,8,29671.15
5048370855323945,engenharia naval,Harlen,masculino,11/12/1998,1.76,84,3.22,28,23091.62
5048379470224248,engenharia mecânica,Arlyne,masculino,27/02/1995,2.07,67,4.18,8,27048.74
5108755628922923,engenharia de produção,Teresita,feminino,24/08/2000,1.84,68,4.66,5,34155.55
5048375120950190,engenharia naval,Hernando,feminino,20/02/1999,1.95,67,9.37,20,23064.01
5048370393587506,engenharia mecânica,Aurlie,masculino,27/09/1996,1.61,78,8.34,31,20741.19
5048373367180712,engenharia naval,Reinhold,feminino,18/02/1995,1.87,98,1.94,24,16008.44
5108755031028060,engenharia civil,Meredith,masculino,29/04/1995,2.04,102,9.64,27,14600.61
5108759665146958,engenharia naval,Rani,masculino,11/08/1997,1.68,80,9.86,6,9054.24
5048377634776236,engenharia mecânica,Fanni,feminino,13/10/1997,1.8,49,1.46,13,7265.65
5108750607257011,engenharia de petróleo,Wayland,masculino,25/12/2002,1.82,82,9.72,31,29602.75
5108752786309555,engenharia mecânica,Wilton,masculino,09/11/1996,1.92,118,5.19,1,14692.45
5048377967090882,engenharia naval,Lucian,masculino,13/03/2002,1.75,101,7.75,5,27845.05
5048377706602823,engenharia naval,Tyne,masculino,07/05/1999,1.86,73,5.45,1,25327.23
5108757985060552,engenharia mecânica,Annie,masculino,04/03/2002,2.06,110,3.13,15,26407.19
5048372850276292,engenharia mecânica,Lanie,masculino,17/03/2002,1.8,92,0.96,13,9223.25
5108751809211251,engenharia de petróleo,Eugine,masculino,09/07/1999,1.61,49,0.02,2,2138.01
5108758718958484,engenharia de petróleo,Mitchell,feminino,01/12/1996,1.51,85,5.05,32,12629.13
5048371053304901,engenharia mecânica,Hadley,feminino,24/02/1998,1.68,101,4.94,16,27017.83
5048373323891030,engenharia civil,Glen,masculino,18/08/2001,1.74,93,4.6,21,23148.72
5108755585639643,engenharia civil,Lindsey,feminino,09/01/1997,1.64,83,8.59,20,40610.14
5108753027630148,engenharia de produção,Skylar,feminino,05/09/1997,1.96,53,8.31,27,31218.34
5048376691456757,engenharia de petróleo,Emmye,masculino,10/01/2001,1.94,116,5.33,30,40632.31
5108751306768472,engenharia de petróleo,Chelsae,feminino,04/06/2002,1.5,74,5.38,13,34144.26
5108750902953785,engenharia civil,Andonis,feminino,28/05/2000,1.87,99,3.78,15,25996.78
5048373495895876,engenharia naval,Emlynne,masculino,25/07/2002,1.6,75,1.21,1,38761.36
5048371241759958,engenharia de produção,Krysta,feminino,24/04/1996,1.78,79,8.5,29,7053.06
5048377967103362,engenharia mecânica,Lillis,feminino,04/06/1997,1.98,59,8.28,9,2948.53
5108752366124820,engenharia de produção,Lemmie,masculino,02/01/1998,1.62,69,0.6,14,21936.66
5108755507196557,engenharia de produção,Flinn,feminino,20/01/1996,1.66,45,3.85,20,41785.75
5108759101697689,engenharia naval,Dix,feminino,20/01/2002,2.01,70,0.82,15,15676.35
5108757230149093,engenharia naval,Donnamarie,masculino,18/05/2001,1.84,76,2.68,15,31178.33
5048377474439432,engenharia de petróleo,Zea,feminino,02/08/1999,1.64,81,7.71,27,37241.14
5048377136684425,engenharia de petróleo,Dallis,feminino,13/11/1997,1.95,95,6.61,7,13934.99
5108759282670646,engenharia de produção,Juliann,feminino,26/03/1999,2.08,48,2.14,18,32032.01
5048373542772623,engenharia de petróleo,Corabella,masculino,22/07/1997,1.73,63,4.15,4,1240.65
5108750851426841,engenharia naval,Lu,masculino,04/01/1995,2.09,74,2.47,16,19675.74
5108752349394722,engenharia mecânica,Lotta,feminino,08/10/1998,2.08,117,9.04,3,42549.15
5108755253890825,engenharia naval,Pembroke,masculino,28/12/2001,1.72,113,1.09,19,15899.75
5108750045526977,engenharia civil,Vasili,masculino,10/11/1998,1.8,49,4.52,20,41393.45
5108752445430073,engenharia de produção,Silvana,masculino,30/11/1997,1.71,66,7.54,3,5073.06
5048375247020778,engenharia mecânica,Laurianne,masculino,21/10/1998,1.79,59,6.98,27,43556.38
5048372355529559,engenharia naval,Damaris,feminino,28/03/2000,1.65,120,6.6,19,30949.53
5108758278645612,engenharia civil,Norris,feminino,09/03/1996,1.73,55,3.18,22,43491.88
5048376880108755,engenharia mecânica,Waldon,masculino,08/03/1997,1.66,100,5.56,32,8526.75
5108757537553641,engenharia naval,Fitzgerald,feminino,27/03/1998,1.68,113,6.32,22,4548.74
5048370555710219,engenharia civil,Massimo,masculino,11/04/1999,1.58,103,0.67,7,23453.14
5108754708993409,engenharia naval,Gwenny,masculino,07/09/1997,1.72,106,9.47,3,44986.73
5048371532676945,engenharia naval,Lona,masculino,28/03/1996,1.76,73,3.71,8,6940.77
5108755441237517,engenharia de produção,Delphine,feminino,30/10/1998,1.95,67,4.39,10,15656.1
5048378476970960,engenharia de petróleo,Feodor,masculino,15/10/1997,1.69,52,8.66,7,40633.96
5108755343087796,engenharia naval,Moria,masculino,07/06/1996,1.93,64,3.58,15,16142.56
5108753551136116,engenharia de produção,Adore,feminino,13/12/1998,1.93,63,3.92,12,23550.64
5048377489525332,engenharia mecânica,Ferrel,masculino,18/03/1996,2.03,107,6.51,21,25805.59
5108751883577866,engenharia naval,Gisele,masculino,26/07/1999,1.92,70,1.71,18,43905.36
5048371003597216,engenharia naval,Cristionna,masculino,03/08/1998,2.04,67,0.58,24,37135.18
5108754486954870,engenharia de petróleo,Stacee,feminino,13/09/2000,2.08,46,9.28,12,36314.76
5108759431078873,engenharia civil,Aretha,feminino,19/10/1997,1.65,61,8.02,9,34390.55
5048375693788282,engenharia naval,Abba,masculino,14/02/1998,2.09,115,4.94,30,21471.15
5048374226911271,engenharia mecânica,Dominic,masculino,31/01/1998,1.89,58,8.96,14,16390.72
5108752085340806,engenharia de produção,Peirce,feminino,31/03/2000,1.61,113,2.11,17,12939.63
5108752451908574,engenharia civil,Alexandrina,masculino,16/05/2002,1.7,56,3.21,12,16423.45
5048375921886049,engenharia civil,Emalia,masculino,04/02/2000,1.69,106,7.83,16,35584.57
5108750804253490,engenharia de produção,Myrilla,feminino,12/08/1995,1.56,52,4.66,6,3127.31
5108753855757831,engenharia de petróleo,Dave,masculino,31/05/1996,1.54,68,4.17,24,6400.48
5048376843153807,engenharia civil,Arnie,feminino,27/02/1998,1.72,106,5.6,30,3290.23
5108751878936770,engenharia naval,Tanny,masculino,15/07/2001,1.58,67,0.81,31,9054.7
5108754738894569,engenharia de produção,Evelyn,masculino,22/07/1998,1.53,71,2.46,2,41810.09
5048378817282992,engenharia de produção,Aluin,masculino,10/01/1999,1.55,59,5.7,13,28428.76
5048377935507660,engenharia naval,Ladonna,feminino,02/04/2002,2.01,57,6.33,1,8981.1
5048374735202642,engenharia de petróleo,Bobine,masculino,25/02/1998,2.01,74,6.32,29,23411.37
5108751260069461,engenharia naval,Sutton,feminino,13/08/2002,1.65,115,0.4,10,41373.07
5048377125796800,engenharia naval,Atlanta,feminino,31/10/1996,1.9,74,0.32,23,15961.91
5108750658831847,engenharia civil,Trace,masculino,02/07/1995,1.91,78,8.53,21,3497.96
5108755195130512,engenharia de petróleo,Abbe,masculino,28/03/2001,1.63,58,3.88,21,14217.59
5048378980214830,engenharia mecânica,Arv,masculino,01/11/1997,1.51,49,6.36,17,15548.44
5048373554073738,engenharia naval,Jarrad,masculino,08/04/1998,1.96,58,8.42,21,9215.25
5048377881072578,engenharia civil,Wolf,masculino,27/06/1999,1.95,69,2.23,24,2214.12
5108752747314629,engenharia mecânica,Germayne,masculino,03/02/1997,2.02,85,2.75,25,16741.3
5048374536786413,engenharia de petróleo,Laurice,masculino,26/03/2002,1.55,50,4.74,17,19185.53
5048370461657546,engenharia civil,Noble,feminino,12/05/1999,1.94,108,2.49,4,39735.58
5048376035625695,engenharia de produção,Garold,masculino,18/12/1997,1.74,47,8.5,0,16338.95
5048370530022466,engenharia de produção,Conan,masculino,30/08/1996,1.85,73,6.9,28,9747.56
5108752013708231,engenharia mecânica,Hedy,feminino,24/01/1996,1.56,51,4.2,23,20694.25
5048379790367693,engenharia de produção,Tucker,feminino,09/11/1996,1.82,57,9.03,20,41620.16
5048378405547707,engenharia civil,Willie,feminino,11/11/1999,1.85,61,4.68,26,3855.81
5048373067836613,engenharia civil,Lindie,feminino,23/09/2000,2.03,93,6.69,14,34363.41
5048373540632027,engenharia de produção,Nolan,feminino,21/06/1999,1.77,50,4.14,12,20411.9
5048370694804766,engenharia de produção,Cherry,feminino,06/04/1996,1.95,86,8.49,0,15234.27
5048374634883260,engenharia mecânica,Kelila,masculino,17/10/2001,2.1,99,5.06,25,7217.11
5108750905379848,engenharia de produção,Tiler,feminino,11/03/1995,1.89,116,3.29,12,8403.0
5048375621911634,engenharia civil,Giorgi,masculino,12/12/1998,1.58,93,3.67,12,1048.07
5108751233345246,engenharia de produção,Perrine,masculino,03/02/2002,1.81,56,4.99,3,4660.75
5108756073114784,engenharia naval,Gerhard,masculino,20/05/1995,1.81,100,8.41,29,19556.38
5108750157499823,engenharia naval,Don,feminino,07/11/2002,1.53,98,6.95,6,13468.2
5048379538818262,engenharia de petróleo,Eadie,feminino,22/11/1998,2.06,60,3.22,1,30793.51
5048375563677060,engenharia mecânica,Terrye,masculino,04/01/1996,1.86,100,6.61,11,5543.96
5108757005224253,engenharia civil,Tiena,masculino,15/09/1997,1.7,79,8.04,29,14476.9
5048373379566429,engenharia de petróleo,Skipper,feminino,27/07/2001,1.54,106,3.92,5,28656.57
5048376351990590,engenharia de petróleo,Vivianna,masculino,25/12/1997,1.9,47,3.63,6,24248.64
5048379243942746,engenharia de petróleo,Dannie,feminino,28/01/2002,2.05,100,9.21,0,43769.38
5108752635568765,engenharia de produção,Adrienne,masculino,29/05/1998,1.7,107,1.81,11,38964.61
5048370217625102,engenharia mecânica,Sabina,masculino,27/07/2001,1.83,45,6.71,12,35741.2
5108752151110372,engenharia civil,Ronda,masculino,16/07/1996,1.59,50,7.54,24,29298.46
5048371621294055,engenharia de petróleo,Griswold,masculino,21/06/1998,1.6,102,7.01,30,39851.16
5048373302618727,engenharia naval,Ramona,masculino,13/03/1997,2.05,91,8.98,12,9187.28
5048377147624816,engenharia de petróleo,Elinor,masculino,13/01/2001,1.63,98,3.33,32,13440.32
5048379646547308,engenharia de petróleo,Andromache,feminino,12/03/1998,1.8,48,0.94,5,25252.77
5108756238974791,engenharia de produção,Babbette,masculino,13/07/1999,2.0,78,0.25,32,42570.31
5048373069716037,engenharia de petróleo,Oralee,feminino,05/10/1998,1.88,113,6.03,8,44813.82
5048377790307339,engenharia naval,Davon,masculino,09/12/1999,1.53,69,7.84,22,37264.48
5108754197908702,engenharia civil,Maynard,masculino,19/09/2002,1.76,46,6.1,18,21181.5
5048374251512002,engenharia de petróleo,Rodolph,feminino,26/09/2000,1.55,92,7.49,8,35168.23
5048370335697751,engenharia mecânica,Had,feminino,07/08/1997,1.98,81,0.57,31,36449.56
5108757525372764,engenharia de produção,Xena,feminino,12/01/1998,1.89,108,1.53,21,30183.74
5108758064749164,engenharia naval,Wye,feminino,19/05/2000,1.85,58,2.64,10,29655.6
5108756591173304,engenharia naval,Ertha,masculino,06/09/2001,2.07,48,1.58,5,27009.59
5048376236096522,engenharia naval,Taddeo,feminino,23/09/1999,2.01,98,7.59,30,1653.51
5048376768669993,engenharia civil,Anita,masculino,14/12/1995,1.56,67,8.51,14,10749.56
5108751753928389,engenharia naval,Margaux,masculino,12/01/1997,1.88,75,5.8,14,16226.61
5048378129011881,engenharia naval,Laverne,masculino,16/12/1997,1.57,95,0.71,7,33689.06
5108758818134648,engenharia de produção,Ammamaria,masculino,09/07/2001,2.06,66,6.45,9,4300.62
5108752158620480,engenharia civil,Gustavus,feminino,29/02/2000,2.05,106,1.37,16,4483.7
5048376074555902,engenharia mecânica,Purcell,masculino,15/07/1999,1.92,107,1.1,14,3425.08
5108756179669376,engenharia de produção,Boycey,masculino,16/04/1995,2.07,62,0.13,31,25652.88
5108759958364813,engenharia de produção,Brietta,masculino,07/05/2002,1.54,86,1.9,5,43406.75
5048372922705682,engenharia de produção,Lynda,feminino,30/10/2001,1.81,66,0.46,30,25933.02
5108758936208431,engenharia de produção,Jamima,masculino,25/10/1995,1.64,102,7.54,11,15001.04
5048377365675359,engenharia de petróleo,Dorena,feminino,04/02/1995,1.8,79,6.86,16,7395.63
5048371764334254,engenharia mecânica,Merissa,feminino,03/01/2001,1.99,120,6.35,17,10566.58
5048373677861514,engenharia de petróleo,Sharlene,feminino,26/06/1999,2.07,105,9.82,19,34805.99
5048372531908826,engenharia naval,Brit,masculino,01/02/1998,1.95,68,6.11,3,15159.19
5048372216417226,engenharia mecânica,Mellie,feminino,23/01/2000,1.99,120,6.62,14,34821.8
5048376814911134,engenharia de petróleo,Valentino,feminino,20/07/1995,2.1,67,4.0,24,29213.9
5108759818218035,engenharia mecânica,Frederigo,feminino,11/04/1995,1.69,73,4.1,1,17048.21
5048376545828078,engenharia civil,Cary,masculino,25/02/1995,1.57,56,8.81,19,9471.62
5108758664724518,engenharia mecânica,Leone,masculino,03/08/2002,1.69,82,5.7,15,31564.48
5048370579052556,engenharia de produção,Pearce,masculino,24/10/1996,1.77,116,8.52,29,26067.07
5048379403936595,engenharia mecânica,Crichton,feminino,03/12/2000,1.66,46,3.95,32,36175.07
5108757325455975,engenharia mecânica,Lucien,masculino,24/03/1998,1.85,98,7.67,11,3423.92
5108753421519368,engenharia civil,Arnuad,feminino,26/01/1999,1.71,71,3.23,27,33336.34
5108753280508700,engenharia civil,Brittney,masculino,16/10/1996,1.87,80,0.04,14,21086.74
5048376814039464,engenharia de petróleo,Bambie,masculino,07/04/1997,1.95,73,1.31,31,42116.79
5108756201731426,engenharia naval,Kalli,feminino,25/06/1999,1.72,87,4.72,3,24459.3
5048377551300929,engenharia civil,Kirby,masculino,06/02/1995,1.56,89,1.5,1,29278.41
5108755199009803,engenharia de produção,Melinda,masculino,15/04/1996,1.78,62,6.95,3,26579.5
5048377227299778,engenharia naval,Norby,masculino,20/09/2001,1.93,71,8.13,6,5055.59
5048377126645584,engenharia de petróleo,Ashlan,feminino,09/07/1996,1.85,115,5.11,10,12609.33
5108755541841713,engenharia mecânica,Slade,feminino,28/05/1996,1.99,73,9.58,3,38433.43
5048373744443734,engenharia de petróleo,Isabel,feminino,01/09/2002,1.57,120,6.47,4,36331.44
5048370682342126,engenharia civil,Griffie,feminino,01/10/2002,1.54,104,4.62,11,32036.25
5048370878187020,engenharia de produção,Angie,masculino,22/12/1995,1.99,50,9.95,26,24747.98
5048378519233251,engenharia mecânica,Willdon,masculino,01/03/1997,2.01,88,3.75,17,37409.84
5048375720030799,engenharia mecânica,Amanda,masculino,08/01/2001,1.99,78,4.56,17,24271.86
5108752659005777,engenharia naval,Eartha,feminino,17/08/1995,1.59,47,6.02,18,23266.16
5108755523654381,engenharia mecânica,Zola,feminino,19/03/2000,1.76,64,9.13,22,1401.15
5108759509399136,engenharia de produção,Lenore,masculino,28/05/1997,2.0,83,1.51,29,12093.46
5108752431679477,engenharia civil,Cornell,feminino,30/12/1999,2.06,71,3.61,13,41327.28
5108755011463592,engenharia mecânica,Zolly,feminino,20/03/1999,1.9,61,8.75,18,6572.26
5108759560034846,engenharia mecânica,Tobey,masculino,12/10/2000,1.85,48,2.77,27,20463.42
5108755648964509,engenharia mecânica,Ada,masculino,27/01/1997,1.63,102,5.95,30,39336.98
5108756482514251,engenharia de petróleo,Alexio,masculino,09/03/2000,2.06,73,2.65,30,32501.23
5108750240511733,engenharia naval,Chip,masculino,02/10/1996,1.58,105,8.0,12,7303.33
5048371211673171,engenharia de produção,Felice,feminino,02/03/1997,2.07,114,6.42,16,36432.15
5108753562300164,engenharia de petróleo,Ruby,masculino,16/07/2000,1.84,87,4.95,22,21756.27
5048379802939877,engenharia civil,Shari,masculino,24/04/1999,1.88,88,9.34,10,6082.14
5108752894993928,engenharia de produção,Filia,feminino,02/06/1999,1.79,46,7.01,26,16694.69
5108754565087493,engenharia de petróleo,Page,feminino,30/12/1998,1.57,112,3.26,14,24237.45
5108758804772476,engenharia de petróleo,Tannie,feminino,10/07/1999,1.73,109,8.42,3,42759.97
5048370703389833,engenharia de produção,Roanna,feminino,16/03/1996,1.78,69,5.71,2,16556.02
5108750925531220,engenharia de petróleo,Ella,masculino,30/01/1998,1.76,95,1.34,14,35088.56
5048374892499650,engenharia mecânica,Helenelizabeth,feminino,02/07/1999,1.97,118,7.05,13,42278.45
5108753502376118,engenharia mecânica,Isadore,masculino,20/03/1995,1.59,108,1.21,30,33907.91
5108758068158735,engenharia de petróleo,Joachim,feminino,21/12/1996,1.88,69,4.89,6,24236.58
5048377846905417,engenharia civil,Dannie,masculino,01/06/1998,1.96,67,3.19,20,29951.44
5108750547300012,engenharia de produção,Halette,masculino,27/03/2001,1.7,48,3.79,2,1662.61
5108756772854219,engenharia de petróleo,Charmain,masculino,10/11/1998,1.67,108,0.54,2,32957.95
5048372017042165,engenharia de petróleo,Othilia,masculino,10/06/2001,1.69,88,5.09,17,20775.15
5108755385308209,engenharia de petróleo,Terra,masculino,04/06/1996,1.73,56,6.32,13,26682.62
5108758713943770,engenharia civil,Perceval,feminino,01/06/1997,1.69,64,0.59,10,7205.11
5048373661596142,engenharia naval,Celka,masculino,10/02/2000,1.82,94,3.24,11,40908.9
5108756987766299,engenharia naval,Juieta,feminino,06/11/1996,2.03,59,7.17,1,43759.3
5108755188440811,engenharia mecânica,Raquel,masculino,11/06/1998,1.62,58,3.38,22,4800.56
5108754736939580,engenharia de petróleo,Anne,masculino,03/06/2001,1.91,74,1.74,2,28517.12
5048373917848115,engenharia de petróleo,Matt,masculino,04/09/1998,1.53,71,9.05,27,37992.78
5048373318250200,engenharia civil,Valaree,masculino,25/01/1995,1.95,99,6.54,9,6716.2
5108750619989007,engenharia naval,Albrecht,masculino,08/10/2000,1.86,53,7.92,0,44427.62
5108751192085874,engenharia de produção,Drucy,feminino,02/09/1995,1.96,115,5.23,16,15065.42
5108751605347465,engenharia de petróleo,Humfrey,feminino,31/08/1998,1.56,47,4.97,5,15952.96
5108752223431582,engenharia civil,Aline,feminino,27/04/1999,1.55,102,1.09,9,30343.38
5048371820081378,engenharia civil,Moyna,feminino,04/07/2002,1.97,87,6.58,0,41120.79
5108750138109830,engenharia de petróleo,Philis,feminino,15/03/1996,1.84,54,6.92,3,1251.87
5108758807995546,engenharia de produção,Ali,feminino,10/05/1995,1.63,74,9.4,4,23213.38
5048372750795995,engenharia de produção,Dulcia,masculino,01/01/2000,1.71,81,5.84,32,28152.69
5048370576352132,engenharia de petróleo,Nona,feminino,22/04/2002,1.95,51,4.61,0,24656.03
5108756627412551,engenharia de petróleo,Fidelio,feminino,30/06/1996,1.6,63,5.33,0,4166.46
5108751154085854,engenharia de petróleo,Ethe,masculino,22/10/2000,2.08,95,3.8,31,20043.5
5048373836830798,engenharia de petróleo,Ki,masculino,27/06/1998,1.61,119,2.75,8,37408.61
5048373049847548,engenharia de petróleo,Bobbee,feminino,18/02/2002,1.55,70,1.48,2,8616.49
5048373136023433,engenharia naval,Harmony,masculino,08/02/1998,1.69,81,1.3,6,13865.91
5108754546384910,engenharia civil,Chevalier,masculino,05/08/2002,1.82,92,7.07,32,40239.49
5108755497858851,engenharia mecânica,Eric,feminino,07/09/1995,1.92,62,7.8,16,1629.84
5108754425193002,engenharia civil,Zitella,feminino,10/03/1998,1.67,107,5.91,3,38682.53
5048379871537693,engenharia mecânica,Robbie,masculino,28/11/1995,1.71,75,6.08,17,32697.7
5048372176405690,engenharia civil,Randy,feminino,19/12/2000,1.57,71,9.88,17,21641.0
5108755158515725,engenharia civil,Erik,feminino,15/11/1996,2.02,93,0.23,7,35749.06
5048374894884842,engenharia naval,Gretchen,feminino,19/11/1999,2.08,58,7.83,4,16650.55
5048378736146179,engenharia de petróleo,Codi,feminino,15/08/2001,1.79,49,2.17,4,17554.05
5108757154949080,engenharia mecânica,Ibby,masculino,16/12/1998,1.93,52,1.07,1,32802.56
5108752358914386,engenharia de petróleo,Britt,masculino,05/11/2001,1.79,84,0.08,28,23580.3
5048378987493189,engenharia naval,Valentijn,feminino,25/08/1997,1.94,80,1.41,0,16276.67
5048371996737811,engenharia mecânica,Muhammad,feminino,04/03/2002,1.87,86,0.83,26,42269.33
5048373117415509,engenharia de petróleo,Bernardine,feminino,24/11/1998,1.53,68,3.77,24,14960.42
5048375440730876,engenharia de produção,Erny,masculino,30/04/1998,1.6,119,4.0,8,15785.99
5108752147469627,engenharia mecânica,Leisha,feminino,03/04/1999,1.67,67,6.67,31,34458.25
5048378401748689,engenharia mecânica,Miranda,masculino,30/09/2002,1.92,56,7.95,29,22732.7
5048374859696652,engenharia naval,Nani,masculino,25/01/1997,1.62,118,1.4,13,7475.31
5048374502079827,engenharia naval,Moselle,masculino,04/09/1997,1.5,74,6.55,4,32024.87
5048376083242005,engenharia civil,Karlen,feminino,29/03/1995,1.55,49,0.75,1,18192.75
5108759248319684,engenharia mecânica,Shayla,masculino,17/11/1997,1.59,55,1.24,14,12540.11
5048378792235031,engenharia naval,Margy,masculino,08/05/1999,1.69,86,7.82,22,19256.78
5108757938489957,engenharia de produção,Sampson,feminino,13/09/1997,2.02,84,6.35,5,3515.15
5108758070761989,engenharia mecânica,Gideon,feminino,05/11/1999,1.63,62,1.08,23,34723.19
5048375701305095,engenharia mecânica,Carlin,masculino,30/09/2002,1.56,109,4.17,22,5640.29
5108758069139239,engenharia mecânica,Rutherford,feminino,05/03/1997,1.62,91,0.53,3,21803.92
5048375380026954,engenharia naval,Pearl,masculino,06/09/2001,1.68,85,1.97,7,43365.24
5108751647640281,engenharia mecânica,Vin,feminino,17/11/1997,1.84,107,8.27,32,34628.5
5048370290900893,engenharia de petróleo,Chanda,feminino,18/11/1995,2.02,77,2.81,29,10600.67
5108755226575040,engenharia de petróleo,Talyah,feminino,23/04/1995,1.69,76,1.65,27,6166.06
5048371621066305,engenharia mecânica,Karoly,feminino,26/12/1995,1.73,69,7.37,29,10148.85
5048375342389284,engenharia mecânica,Dina,masculino,11/09/1998,1.68,90,4.89,24,16783.07
5108752607571326,engenharia de produção,Augusta,masculino,30/10/1999,2.08,86,6.31,4,17621.64
5048374941313993,engenharia de produção,Margalit,feminino,04/02/1998,1.54,73,5.11,22,13067.59
5048377788134950,engenharia naval,Elsbeth,feminino,08/08/1996,1.93,100,6.33,6,37413.6
5108757043816888,engenharia mecânica,Mariejeanne,masculino,29/10/1997,2.06,117,1.68,12,27204.71
5108757520784211,engenharia civil,Stephi,masculino,15/04/1998,1.91,59,5.5,1,44385.56
5108752873580365,engenharia de petróleo,Evanne,masculino,18/11/2002,1.52,116,0.92,24,28523.96
5108759155105464,engenharia mecânica,Archibold,masculino,24/02/1999,1.93,48,1.36,1,43565.77
5048374654606088,engenharia naval,Maurise,masculino,10/05/1997,1.93,90,3.23,24,2678.85
5048373114470085,engenharia civil,Chris,masculino,04/04/2001,1.95,101,4.0,2,40314.58
5048376155909234,engenharia civil,Marilee,masculino,27/06/1999,1.88,66,7.99,2,41615.9
5108757517854753,engenharia de petróleo,Phillis,masculino,27/06/2002,1.74,57,2.16,0,9286.74
5048377788603475,engenharia mecânica,Jorie,feminino,05/12/2001,1.57,68,8.16,15,29206.79
5108759604318841,engenharia civil,Donia,masculino,12/09/1998,1.65,82,8.6,16,36673.11
5108751572936696,engenharia mecânica,Zelma,feminino,07/09/1998,2.01,114,6.48,1,30112.99
5108753959803200,engenharia mecânica,Angelique,masculino,21/06/2002,1.7,74,9.64,11,27891.93
5048377773662866,engenharia de petróleo,Allegra,feminino,20/09/2002,1.99,82,7.06,26,2730.97
5108755239101834,engenharia mecânica,Ortensia,feminino,16/11/1999,1.79,59,2.56,24,4144.89
5048373238309441,engenharia de produção,Clerissa,feminino,23/10/1996,1.63,110,2.4,16,24593.93
5048370173641267,engenharia naval,Jed,masculino,03/02/2000,1.91,84,2.41,28,18399.22
5048376827217925,engenharia mecânica,Nichol,feminino,10/06/2002,1.67,47,0.12,20,43398.15
5108754513995169,engenharia de produção,Harley,feminino,11/10/2002,1.67,74,2.58,3,16586.06
5108755841905424,engenharia mecânica,Aloisia,feminino,24/06/2000,1.97,101,8.15,19,8383.77
5108758463378458,engenharia naval,Dedie,masculino,29/03/1997,1.87,68,4.4,13,9658.03
5108750698596160,engenharia mecânica,Jehu,feminino,11/06/1996,1.86,106,4.22,7,32068.18
5108757551743128,engenharia civil,Anna-maria,feminino,11/09/2001,1.96,112,3.04,9,9703.56
5048370006269633,engenharia civil,Lambert,feminino,20/11/2002,1.72,109,8.92,31,3050.17
5108753244331496,engenharia naval,Bria,feminino,13/04/1996,1.69,80,7.96,20,16621.15
5108757707976564,engenharia de produção,Whitney,feminino,17/04/1996,1.53,73,7.41,7,29596.89
5108759346015291,engenharia de petróleo,Nona,masculino,24/03/2000,2.03,45,0.35,30,3598.22
5048375852795227,engenharia civil,Darcee,feminino,05/05/2000,1.88,101,8.32,21,35518.93
5048377861803463,engenharia de petróleo,Iona,masculino,29/03/1999,1.9,65,2.38,24,43800.06
5048376247393934,engenharia mecânica,Clovis,masculino,31/07/1998,1.93,51,8.12,27,26732.05
5108754228353530,engenharia civil,Daphne,feminino,29/10/2000,1.61,58,8.21,8,13858.04
5108757426756453,engenharia mecânica,Florence,masculino,01/04/2000,1.53,48,0.84,30,30983.26
5108754578633192,engenharia naval,Rochelle,feminino,22/05/2002,1.56,78,4.52,23,15901.71
5108753326852542,engenharia naval,Kristyn,masculino,11/09/1995,1.56,65,4.27,3,30844.64
5108750461138364,engenharia mecânica,Sallie,masculino,22/11/2001,1.68,58,9.61,31,34027.96
5048370317184869,engenharia civil,Elwood,masculino,11/09/2001,1.63,46,2.74,22,29453.68
5048372495912574,engenharia mecânica,Elsa,masculino,26/05/1999,1.64,91,8.94,20,33068.75
5048372368570186,engenharia de produção,Nathaniel,feminino,16/03/1995,2.06,45,6.94,27,38751.95
5108751390344289,engenharia civil,Leonhard,masculino,07/02/1996,1.8,66,4.28,12,951.81
5048374735847057,engenharia naval,Nissie,feminino,04/11/1998,1.95,80,4.37,10,13461.1
5048370819669599,engenharia mecânica,Menard,feminino,06/05/1999,1.6,47,1.91,28,16198.17
5048371274945797,engenharia de produção,Tonya,masculino,04/02/2000,1.75,75,5.77,15,33023.57
5108752961770225,engenharia de produção,Brigida,masculino,16/10/2002,1.58,110,5.93,9,18800.19
5048379564378389,engenharia civil,Huntlee,feminino,29/03/2002,2.06,49,2.39,6,43655.31
5108755056060949,engenharia naval,Bayard,feminino,25/08/2001,1.53,118,4.49,18,27315.78
5108755798522016,engenharia civil,Edmon,feminino,11/02/1998,1.73,99,0.86,21,12915.32
5048377026489877,engenharia mecânica,Blayne,masculino,27/04/2001,1.72,94,7.84,17,37027.86
5048373422683817,engenharia civil,Berti,feminino,24/09/1997,2.07,90,7.91,3,14386.72
5108755150707593,engenharia mecânica,Tildy,feminino,04/02/1997,1.68,105,9.58,17,33308.63
5048374270479852,engenharia naval,Rycca,feminino,01/01/1998,2.05,53,6.38,24,14474.24
5108755138495048,engenharia naval,Jamaal,feminino,26/01/1998,1.65,72,0.24,14,29878.96
5048374327569085,engenharia naval,Rubia,masculino,06/05/2000,1.52,63,8.11,16,39067.77
5108750914329685,engenharia naval,Joby,masculino,28/05/2002,1.9,111,8.44,2,6631.92
5108752923062026,engenharia civil,Weidar,feminino,26/01/2001,1.71,86,3.32,12,22739.3
5048373113129344,engenharia naval,Violante,masculino,11/04/1999,1.62,80,2.85,30,10089.12
5108755263876640,engenharia de produção,Elizabet,masculino,14/03/1996,1.83,85,1.73,10,36672.16
5108750004094835,engenharia mecânica,Laird,masculino,28/04/1997,1.57,63,2.92,31,25452.58
5048375609965875,engenharia de produção,Baryram,feminino,04/08/1998,2.04,120,7.25,0,32822.62
5108756397391324,engenharia naval,Mommy,masculino,18/01/2002,1.95,106,1.59,11,38463.29
5108758374254186,engenharia civil,Ariel,feminino,02/07/2002,1.55,49,5.42,1,31919.2
5108754861405357,engenharia de produção,Phillip,feminino,07/04/2002,1.99,77,6.34,21,41748.2
5048374158522484,engenharia de petróleo,Giustina,feminino,01/07/2000,1.65,95,9.72,30,18494.03
5108758107812193,engenharia civil,Homere,feminino,04/07/1995,1.78,83,0.07,6,34836.59
5108755895741279,engenharia naval,Eimile,feminino,17/08/1999,1.86,90,0.95,28,7781.63
5048373612432827,engenharia de produção,Constantine,feminino,15/09/1997,1.59,94,6.69,12,22542.59
5048374099385967,engenharia de produção,Brendan,masculino,03/11/1999,1.9,55,2.97,29,40340.59
5108758101291147,engenharia de petróleo,Marie-jeanne,masculino,31/10/1997,1.63,118,1.73,17,7382.16
5108754215574635,engenharia civil,Almira,feminino,30/09/1997,1.82,92,1.55,4,21253.0
5048375105378748,engenharia naval,Rolf,feminino,24/11/1998,2.09,81,7.98,18,43863.59
5108754806562718,engenharia de produção,Lek,feminino,03/04/1995,2.08,56,2.19,3,37971.94
5108753041786868,engenharia naval,Dasi,masculino,12/12/2000,1.94,76,7.86,0,8151.39
5048373763649971,engenharia de produção,Bertram,masculino,13/01/1995,1.91,92,7.9,15,15332.63
5048376099864768,engenharia naval,Nicholas,feminino,02/02/2001,1.99,97,1.81,20,42272.12
5048376749100506,engenharia naval,Melly,feminino,09/06/1999,1.89,108,1.47,7,32743.75
5048379281228479,engenharia civil,Sibyl,feminino,17/07/1997,1.72,61,4.92,10,10196.56
5108756377007353,engenharia de petróleo,Rog,feminino,03/10/1997,1.62,45,2.41,24,20275.35
5048377101171663,engenharia naval,Diego,masculino,14/08/1996,1.82,96,3.19,31,33534.91
5108757122550564,engenharia naval,Burton,feminino,29/11/1995,1.97,54,2.93,31,20378.1
5048378585695383,engenharia civil,Benetta,feminino,04/06/1996,1.97,86,2.06,22,10137.08
5048371046651590,engenharia de petróleo,Jasmina,feminino,21/04/2000,1.94,88,4.92,16,40782.7
5048374208276149,engenharia mecânica,Gwenni,feminino,25/07/1995,1.52,109,6.67,15,32558.56
5048370946750700,engenharia de produção,Amaleta,feminino,09/11/1998,1.58,116,1.88,2,37351.78
5048370420734881,engenharia mecânica,Ruperta,masculino,06/01/2001,1.95,68,7.53,27,15411.78
5048373581980905,engenharia civil,Brittan,masculino,26/12/1998,1.69,63,0.87,2,41549.43
5048377573537979,engenharia de petróleo,Morlee,feminino,01/04/1999,1.65,88,7.66,17,5282.6
5048379200841790,engenharia de produção,Maure,masculino,24/04/1995,1.52,92,4.41,3,38649.33
5048377620068812,engenharia mecânica,Alberto,feminino,21/04/2002,1.63,65,1.4,16,36899.2
5048377762603350,engenharia de petróleo,Rikki,feminino,29/03/1998,1.78,75,7.45,1,19473.07
5048377728043188,engenharia naval,Myron,feminino,13/12/1999,2.05,106,4.89,22,23594.81
5048372810282216,engenharia de produção,Pablo,feminino,26/08/2001,1.54,117,0.7,8,4708.07
5048379242959402,engenharia civil,Gavrielle,feminino,24/04/1996,1.53,92,5.28,20,27043.91
5048377373229736,engenharia de petróleo,Fleming,feminino,22/02/2001,2.04,109,0.85,4,33305.0
5108754558190031,engenharia mecânica,Morissa,feminino,14/10/2000,1.74,111,6.0,22,13498.78
5108753597772551,engenharia civil,Erik,feminino,11/09/1996,2.09,113,1.28,14,40381.26
5108755235237376,engenharia mecânica,Nadya,feminino,10/09/2001,1.98,50,5.66,17,14218.62
5048376609444879,engenharia de petróleo,Madella,feminino,24/11/1997,1.59,96,4.55,16,31662.4
5108750960566990,engenharia civil,Bernadette,feminino,07/03/2000,2.02,83,6.12,1,40288.52
5048372306919123,engenharia de produção,Byrom,feminino,09/08/1998,2.0,120,0.98,22,31004.12
5048373100936321,engenharia de petróleo,Laurella,masculino,14/05/1997,1.83,106,2.45,3,21872.96
5048376602728187,engenharia civil,Dell,feminino,09/12/2002,1.94,98,2.63,3,33477.67
5048379756324589,engenharia naval,Mechelle,feminino,06/03/2000,1.59,45,5.46,18,34144.81
5108754618151700,engenharia civil,Waiter,feminino,28/04/1997,1.89,78,9.0,2,18999.0
5108759443226361,engenharia naval,Vida,masculino,30/12/1996,1.61,120,0.83,16,28304.88
5048379558903770,engenharia de produção,Ade,feminino,14/07/1995,1.62,69,4.14,9,5038.14
5048377243060824,engenharia de petróleo,Pia,masculino,18/06/1996,1.91,98,0.54,28,8612.07
5048373174618524,engenharia civil,Novelia,masculino,27/03/1997,1.72,61,2.44,1,4961.8
5048378620548076,engenharia de petróleo,Edvard,masculino,12/12/1999,1.58,111,9.89,23,23194.26
5048370549025021,engenharia mecânica,Sallyanne,feminino,27/11/1995,1.97,45,0.95,0,35519.83
5048376437151092,engenharia mecânica,Murvyn,masculino,14/06/1998,1.94,106,0.31,18,38361.65
5108750608493334,engenharia civil,Teodor,feminino,09/03/2002,1.56,75,3.39,27,10529.51
5048378387100327,engenharia de produção,Oswald,feminino,16/01/2000,1.58,85,3.8,8,6762.25
5108753065623369,engenharia naval,Ashlee,masculino,20/02/2000,1.93,78,1.78,31,7734.12
5108756854998173,engenharia de produção,Jessey,feminino,07/07/1995,1.55,84,4.15,21,42674.89
5108752297835668,engenharia mecânica,Roseanna,masculino,04/07/2001,1.57,60,9.73,31,38492.13
5048373077772386,engenharia naval,Shanie,masculino,08/02/2002,1.78,49,5.31,26,20089.34
5108759179152849,engenharia de petróleo,Ethelyn,feminino,11/08/1995,1.98,63,5.13,15,23596.14
5108757481651144,engenharia civil,Derick,masculino,31/01/2000,1.9,83,9.14,19,37530.4
5048372114322429,engenharia mecânica,Imelda,feminino,05/10/2002,1.72,119,8.81,3,13480.42
5108759226438845,engenharia de produção,Malachi,feminino,22/04/1997,2.08,78,4.15,3,25842.9
5108753914968783,engenharia de petróleo,Hobard,masculino,03/06/2001,2.06,97,6.82,26,24004.13
5108753326730474,engenharia naval,Artemis,masculino,16/03/1996,1.6,84,2.16,32,21960.53
5048373693419669,engenharia civil,Kira,masculino,20/08/1998,1.58,93,9.76,9,15460.26
5108759743139447,engenharia de petróleo,Hope,masculino,15/01/1998,1.58,78,6.98,5,28566.85
5048376258321790,engenharia civil,Dannel,masculino,07/04/2000,1.64,51,8.86,32,40200.11
5048371628072660,engenharia civil,Pail,masculino,22/05/1999,1.69,48,1.96,32,9425.15
5108757844663695,engenharia naval,Jethro,masculino,16/11/2000,1.73,104,6.57,7,8369.32
5108759149538002,engenharia de produção,Brent,feminino,25/06/1995,1.83,70,8.96,19,29244.91
5108751594516849,engenharia naval,Effie,masculino,25/08/1999,1.54,69,8.14,27,3743.57
5108753127056335,engenharia de produção,Jesus,masculino,27/06/1997,1.76,51,6.81,11,7936.37
5048372100865340,engenharia civil,Tedd,masculino,22/07/1997,1.89,102,1.87,10,9108.34
5048378341857269,engenharia mecânica,Ive,masculino,02/12/2000,1.75,94,5.73,13,23741.06
5048371753233186,engenharia de petróleo,Olimpia,feminino,17/05/2000,1.8,98,9.3,0,29984.56
5108758914835890,engenharia naval,Ulrick,masculino,06/10/2000,1.78,109,4.05,0,2792.5
5048370349024661,engenharia de produção,Freddy,masculino,25/10/2000,1.55,90,6.7,29,16376.23
5108750550250351,engenharia de produção,Warde,masculino,25/04/2002,1.61,113,1.82,24,6978.27
5048375237386577,engenharia mecânica,Henryetta,masculino,10/07/1999,1.74,117,2.29,23,9913.13
5048376640744022,engenharia de petróleo,Donnie,feminino,21/07/1996,2.0,116,3.34,17,35016.25
5048372499144794,engenharia naval,Calley,masculino,16/04/1995,1.73,49,9.32,16,23994.17
5108750935647735,engenharia de petróleo,Matty,feminino,17/10/1995,1.94,109,5.03,28,7616.14
5108759329922356,engenharia naval,August,feminino,05/06/1995,1.68,62,9.4,29,37094.29
5108755473292323,engenharia de produção,Ranice,masculino,25/08/2000,1.98,47,7.58,12,44204.28
5048372544146992,engenharia de produção,Jamaal,feminino,02/08/2000,1.5,108,3.16,3,20222.37
5108756247676411,engenharia de produção,Sharona,feminino,14/11/1998,2.01,46,0.23,24,5174.25
5048377157250205,engenharia de produção,Ingunna,masculino,21/06/1995,1.68,107,2.05,22,16019.35
5108758512897433,engenharia de petróleo,Paddy,masculino,13/07/1999,1.52,80,1.71,23,15376.46
5048372564741623,engenharia de petróleo,Marlo,feminino,23/12/2001,1.64,63,1.52,20,14468.69
5108752189370832,engenharia de petróleo,Franciskus,feminino,20/07/1995,1.8,46,4.23,25,5279.26
5108757074358800,engenharia naval,Oliy,masculino,01/11/2000,1.79,68,0.92,16,16878.32
5048376830658115,engenharia civil,Mae,masculino,11/11/1996,1.53,111,9.98,6,7654.82
5048375026181627,engenharia civil,Teodor,feminino,10/05/1999,1.82,46,1.12,3,25264.01
5048378800840319,engenharia de petróleo,Timmi,masculino,07/09/1997,1.53,111,1.0,21,39368.63
5108753021362300,engenharia de produção,Shelden,masculino,06/01/2001,1.65,111,0.47,8,16141.44
5108751442117212,engenharia de petróleo,Yuri,feminino,17/06/1998,1.71,67,5.3,1,1875.28
5048375669279605,engenharia de petróleo,Vic,feminino,12/09/2000,1.96,63,4.26,10,31501.51
5108754928753898,engenharia civil,Hedwig,masculino,16/10/1999,1.64,66,3.0,13,7520.88
5108750738063627,engenharia de petróleo,Esme,masculino,14/10/1999,1.77,84,5.51,20,32964.53
5108759246262498,engenharia mecânica,Woody,feminino,11/10/2002,1.77,76,2.87,23,43014.85
5048372622148118,engenharia naval,Merla,feminino,15/09/1995,2.02,88,7.81,16,4756.7
5048376087287709,engenharia mecânica,Park,feminino,16/11/1998,1.58,55,6.41,6,12504.59
5048377852948038,engenharia civil,Clerissa,masculino,26/10/1999,1.68,102,1.6,20,33301.16
5048373887303802,engenharia naval,Elysha,feminino,02/04/1999,1.88,96,4.87,24,10115.05
5048373285133066,engenharia naval,Bale,feminino,13/03/2002,1.64,62,8.98,0,1076.26
5108750849858683,engenharia de petróleo,Peirce,feminino,18/08/2002,1.58,76,1.98,16,21130.63
5048372573847700,engenharia naval,Robinet,feminino,12/04/1998,1.57,83,8.27,4,1561.76
5108757674362566,engenharia de petróleo,Jojo,feminino,15/03/1996,1.86,117,6.98,14,39745.24
5108758938181412,engenharia civil,Cynthia,masculino,29/01/1998,1.64,46,0.0,10,12453.99
5048377815088922,engenharia de produção,Waverly,masculino,29/10/1997,1.79,97,2.32,24,25544.84
5048375081702531,engenharia naval,Sidonia,masculino,09/08/2001,1.92,58,0.82,12,19808.01
5048377056999100,engenharia naval,Giralda,feminino,01/10/1996,2.0,81,1.86,11,27268.56
5108751560513820,engenharia civil,Thurston,feminino,31/03/2000,1.95,47,9.86,23,13264.66
5108754254902788,engenharia de produção,Rafael,masculino,16/09/1997,1.6,75,1.63,4,43307.62
5048377305753050,engenharia naval,Ximenez,masculino,23/04/1997,1.57,116,1.35,28,18235.49
5048374532086073,engenharia mecânica,Ryley,masculino,09/05/2001,1.78,118,8.5,28,33142.4
5048377491057290,engenharia civil,Aloysius,masculino,04/02/1998,1.78,46,9.15,14,36485.21
5108755769048967,engenharia naval,Delcina,masculino,29/08/1997,2.05,46,6.13,3,22612.16
5048374945612077,engenharia civil,Jerrie,feminino,20/12/1996,1.89,84,1.94,7,35652.96
5108750531072668,engenharia civil,Sadie,masculino,28/03/1999,2.1,78,1.54,1,34943.29
5108751738148277,engenharia de produção,Hershel,masculino,23/04/2000,1.72,70,8.52,26,4048.19
5048372966673580,engenharia de produção,Clint,masculino,17/11/2002,1.93,65,4.8,24,3037.19
5048373871969717,engenharia de produção,Rodney,feminino,12/01/2000,1.95,68,1.05,16,40154.58
5108752479625929,engenharia de petróleo,Suzy,masculino,13/12/1996,1.57,108,2.49,29,7327.35
5108757761676753,engenharia de petróleo,Orville,masculino,24/06/1997,2.06,92,4.33,9,25017.04
5108757988847773,engenharia naval,Pietrek,masculino,05/12/2000,1.84,78,3.28,17,18460.57
5108752362341055,engenharia naval,Wenonah,masculino,04/11/2000,1.63,96,9.74,5,5971.85
5108750081176372,engenharia mecânica,Sacha,feminino,07/11/1997,1.92,93,6.29,23,11475.44
5048376888682835,engenharia naval,Noby,feminino,25/08/2000,1.73,93,8.89,8,33863.36
5048372708067000,engenharia de produção,Elita,masculino,11/01/1997,1.72,67,6.83,4,23930.15
5048379950629916,engenharia de petróleo,Dorothea,feminino,10/07/1995,1.58,81,2.67,32,7116.31
5048372190588604,engenharia mecânica,Ricardo,feminino,25/01/1995,1.53,50,6.55,27,7475.82
5048377184318231,engenharia civil,Jelene,feminino,04/10/1996,1.74,83,7.24,22,1988.26
5048376692378364,engenharia naval,Philbert,masculino,21/02/2002,1.84,101,8.59,18,26549.59
5048376480481529,engenharia mecânica,Elsey,masculino,23/04/1995,1.88,113,5.66,26,1572.68
5108759322692295,engenharia mecânica,Muffin,masculino,01/12/1998,1.87,50,5.81,18,23602.9
5108754550437158,engenharia de petróleo,Oliver,masculino,12/08/1995,1.5,92,4.92,14,15264.02
5108751670851011,engenharia de petróleo,Caro,feminino,04/05/2000,1.73,83,9.27,1,3706.15
5108759495306459,engenharia naval,Michel,masculino,31/08/1995,1.87,84,1.58,3,8047.72
5048374988297539,engenharia de produção,Rafi,masculino,22/02/1999,2.02,72,4.74,7,5705.8
5048379819690067,engenharia naval,Clemmy,feminino,24/04/2000,1.66,64,3.24,6,13791.35
5048371786102440,engenharia de produção,Mic,feminino,22/04/1997,1.51,71,4.38,5,44656.2
5108751279531980,engenharia de petróleo,Teodoor,feminino,27/07/1998,1.77,45,3.72,25,29639.42
5108752040531713,engenharia naval,Addie,masculino,25/09/1998,2.0,83,7.19,11,4041.52
5048378213839627,engenharia civil,Renie,feminino,22/07/1998,1.98,106,8.93,9,34146.39
5108750083317750,engenharia de produção,Nora,masculino,26/08/2002,2.02,56,9.23,5,23141.7
5108751774186330,engenharia de produção,Bel,feminino,18/03/2001,1.58,106,1.43,23,10888.63
5048371863172449,engenharia naval,Letty,masculino,14/05/1995,1.94,100,0.22,15,29216.86
5108755282860948,engenharia de petróleo,Vivianne,feminino,01/02/1996,1.5,52,6.72,20,20053.24
5108750805162781,engenharia naval,Simona,feminino,08/12/1996,1.64,109,4.98,32,12208.56
5048375625099295,engenharia de petróleo,Henrik,masculino,29/03/1995,2.05,56,2.02,11,4467.76
5108751908147653,engenharia mecânica,Aaren,feminino,12/04/2001,1.52,64,4.78,3,20188.97
5048375032091026,engenharia de produção,Ado,feminino,21/04/1999,1.7,97,6.16,18,32541.82
5048375090859405,engenharia mecânica,Delainey,masculino,03/06/1996,2.09,112,9.42,9,30756.72
5048377197284883,engenharia naval,Craggie,masculino,16/08/1995,1.86,74,3.76,18,39427.29
5048373507055725,engenharia naval,Ahmad,feminino,28/05/1998,1.56,109,1.82,32,25257.17
5108754708536471,engenharia civil,Kermie,feminino,31/05/1996,1.81,57,2.54,9,26420.58
5048375444816143,engenharia naval,Suzanna,feminino,09/12/2001,1.79,49,5.36,4,4385.98
5108756936707733,engenharia mecânica,Carlina,feminino,04/12/1996,1.92,89,8.29,10,27440.05
5108755730944963,engenharia civil,Farlay,feminino,04/12/2001,2.03,90,9.56,19,2033.79
5108758374406851,engenharia naval,Ardelis,masculino,04/01/1997,2.07,81,8.59,21,22400.92
5108752492969379,engenharia naval,L;urette,feminino,28/06/2000,1.59,59,7.27,5,21824.12
5048370737934802,engenharia mecânica,Jo-anne,feminino,02/05/1999,1.85,50,1.56,12,14509.78
5108751505144095,engenharia mecânica,Roderic,feminino,15/07/2001,1.99,73,6.97,3,9727.09
5108753412995007,engenharia mecânica,Minnie,masculino,13/05/2001,1.56,109,3.86,22,44662.44
5108757978785132,engenharia mecânica,Sancho,feminino,16/12/1997,1.77,91,7.24,16,17078.17
5108758055641685,engenharia de petróleo,Bren,masculino,26/02/1995,1.5,96,2.62,5,984.65
5108756355625457,engenharia mecânica,Ignatius,feminino,08/04/1998,1.51,65,7.07,14,22975.7
5108759871121969,engenharia naval,Dorris,feminino,09/01/2001,1.88,50,4.81,14,42154.38
5108759436989710,engenharia mecânica,Sharyl,feminino,23/09/1998,1.92,107,3.59,20,44373.45
5048372189423987,engenharia civil,Arvie,masculino,01/07/2001,1.55,52,2.51,25,23053.1
5108756750893767,engenharia de petróleo,Sly,masculino,14/06/1999,1.65,103,9.22,8,35025.73
5048374432398313,engenharia de produção,Gibby,feminino,21/04/1999,1.7,61,0.81,25,20994.13
5108756119395306,engenharia de produção,Gretta,masculino,18/08/1999,1.72,48,7.59,5,16500.3
5048372846749568,engenharia mecânica,Norene,masculino,01/11/1996,2.07,94,5.26,9,27201.03
5048373825771227,engenharia civil,Jacquetta,masculino,02/10/1998,1.79,94,0.1,19,34611.56
5108750268812450,engenharia mecânica,Clarissa,masculino,22/01/1998,1.61,105,8.84,4,1984.65
5108757351355396,engenharia naval,Jennette,masculino,23/10/1996,1.93,60,2.23,4,2035.85
5048376448042629,engenharia de produção,Goldi,masculino,26/11/1997,1.89,49,9.83,20,1563.14
5048378796112418,engenharia mecânica,Thomasine,feminino,24/10/2002,1.54,118,0.12,24,19554.1
5108756784996099,engenharia civil,Gregoire,feminino,02/06/1998,1.7,74,3.97,32,30139.21
5108751219020490,engenharia mecânica,Suzann,feminino,07/04/1997,2.03,117,6.39,8,23364.72
5108755929738853,engenharia mecânica,Julienne,masculino,03/09/1997,1.89,95,6.36,23,9258.34
5048376985655551,engenharia de petróleo,Arnoldo,feminino,10/01/1998,1.62,91,6.43,16,20418.25
5108751341561312,engenharia naval,Meggy,masculino,08/05/1995,1.61,62,5.59,9,1942.69
5048370495032344,engenharia naval,Netty,feminino,16/05/2001,1.98,111,1.52,25,3610.59
5108750531085355,engenharia de petróleo,Kath,masculino,30/07/1999,1.63,50,0.52,2,6636.79
5108757802895511,engenharia civil,Nicoline,feminino,27/02/1996,1.78,48,6.38,5,37223.88
5108753306057948,engenharia civil,Dory,masculino,11/02/1995,1.51,65,3.06,27,44330.26
5048376556656335,engenharia civil,Rosene,feminino,02/04/1996,1.79,69,2.15,21,8850.94
5048377012646043,engenharia civil,Umberto,masculino,22/08/1997,2.09,47,6.57,7,17107.97
5108755075806066,engenharia civil,Rubetta,masculino,14/08/1995,2.09,51,2.04,23,934.18
5048372769316163,engenharia civil,Manya,feminino,06/07/2002,1.99,48,7.38,19,17770.21
5108752078207715,engenharia de produção,Lane,masculino,21/08/1995,1.89,73,6.9,17,19985.6
5108755390524360,engenharia de produção,Jedediah,masculino,25/12/1995,2.01,84,0.89,21,5358.35
5048373960129074,engenharia civil,Oby,masculino,27/10/1999,1.94,99,5.74,1,25488.21
5048371082467935,engenharia de produção,Burtie,feminino,09/04/1999,2.1,83,10.0,11,35868.01
5048374394151981,engenharia mecânica,Ezmeralda,feminino,26/10/1997,1.51,70,6.89,31,4091.26
5108750066920984,engenharia mecânica,Eada,feminino,04/01/1997,1.72,95,9.0,23,29791.69
5108755014567829,engenharia civil,Hilly,feminino,22/03/2002,1.9,61,9.08,16,44498.61
5048377940905396,engenharia de produção,Carol,feminino,28/06/1998,1.52,102,2.22,18,26730.21
5048371426989081,engenharia de produção,Estell,masculino,12/07/1995,1.68,68,9.52,1,28361.16
5048376377120354,engenharia civil,Rafaelia,masculino,29/03/1999,1.87,60,4.81,6,6346.55
5048375483833587,engenharia mecânica,Tish,feminino,11/02/1995,1.88,101,2.81,18,8935.54
5048378563519779,engenharia mecânica,Carce,feminino,31/08/2000,1.84,75,6.24,5,1410.84
5108753361586773,engenharia de produção,Benita,masculino,20/05/1997,1.55,94,2.14,1,5389.09
5048373947378414,engenharia mecânica,Donia,feminino,31/03/2001,1.88,52,3.78,1,3055.8
5048375396890708,engenharia de produção,Agosto,masculino,19/05/1999,1.8,60,4.82,25,2860.68
5048379036213099,engenharia de produção,Marietta,masculino,07/08/2002,1.85,82,5.02,1,40465.68
5048370632345450,engenharia de produção,Modestia,masculino,16/12/1998,2.06,81,4.5,17,24018.42
5048376294620098,engenharia mecânica,Luciana,masculino,04/08/1998,2.07,52,7.61,13,12165.85
5048374302320181,engenharia de produção,Urbanus,masculino,28/03/2000,2.01,70,1.69,12,3054.45
5048375253844038,engenharia naval,Rosaline,feminino,18/10/1996,1.9,86,1.01,29,17170.87
5048377196126135,engenharia de produção,Vale,feminino,13/10/1998,2.03,93,8.62,17,23815.48
5048375553914226,engenharia naval,Dyanna,masculino,20/08/1997,1.73,54,4.37,16,23653.94
5108755069804424,engenharia civil,Drucie,feminino,04/06/1999,1.61,112,2.59,7,43879.63
5108750602202251,engenharia mecânica,Betteanne,masculino,26/07/1997,1.98,99,9.81,25,23280.63
5108751522611068,engenharia de produção,Mariquilla,masculino,11/02/1996,1.83,63,8.78,2,8237.22
5108756876250967,engenharia naval,Lyndsey,masculino,27/07/2000,1.67,83,6.88,0,24497.47
5048373739084576,engenharia de petróleo,Mathilda,feminino,04/05/1996,1.9,56,0.16,23,5194.17
5048377187554055,engenharia civil,Cart,masculino,13/10/1995,1.62,72,7.16,12,34871.8
5048376924091470,engenharia mecânica,Alric,feminino,01/01/1995,1.63,57,2.3,24,3682.34
5108752410829309,engenharia de produção,Talbot,masculino,23/04/2000,1.53,50,6.25,4,40274.4
5048370232086751,engenharia mecânica,Violante,feminino,06/11/2000,1.51,106,0.08,12,6321.79
5108756283939541,engenharia mecânica,Vannie,feminino,28/01/1996,1.81,90,8.85,28,2288.24
5108755314630996,engenharia naval,Richmond,feminino,24/03/1999,1.69,82,9.32,5,13845.96
5048377945257124,engenharia de petróleo,Nicolai,feminino,03/10/1996,1.6,97,5.09,21,36266.53
5048376419472391,engenharia mecânica,Loydie,feminino,18/07/2002,1.7,102,4.74,21,2260.72
5048376580005780,engenharia naval,Rene,feminino,04/06/2001,1.92,54,5.62,4,7914.77
5048378115131164,engenharia naval,Ofelia,masculino,18/09/2000,2.06,46,0.26,9,43081.07
5108750095091567,engenharia de produção,Anabelle,feminino,16/08/2000,1.77,117,0.64,32,34576.63
5108758544211702,engenharia naval,Garrick,feminino,17/02/2001,1.92,79,9.43,14,29602.45
5048372028096358,engenharia mecânica,Giuseppe,masculino,01/03/2000,1.63,100,6.91,19,20487.16
5048372544748243,engenharia naval,Sandie,masculino,02/02/1996,1.85,52,6.06,26,22466.76
5108756993021614,engenharia de petróleo,Hyacintha,masculino,05/03/1998,1.71,56,5.22,7,34640.4
5108751460420928,engenharia de petróleo,Sara-ann,masculino,01/11/1997,1.96,95,4.53,30,11373.89
5048376910357943,engenharia de produção,Gael,feminino,11/01/1998,2.0,100,3.94,8,43760.33
5048377279233881,engenharia de petróleo,Emelda,masculino,30/08/1997,1.67,110,2.67,6,33386.88
5108757433090581,engenharia civil,Marlin,feminino,21/10/1997,1.85,111,8.8,12,27430.26
5048372887001713,engenharia civil,Land,feminino,29/05/2001,1.52,85,4.53,9,31333.67
5048377003111346,engenharia naval,Torrin,masculino,10/01/1998,1.94,101,0.8,12,6712.04
5048372283067250,engenharia civil,Marieann,masculino,02/05/2001,1.99,92,6.8,22,44251.27
5108756781157398,engenharia de produção,Eunice,masculino,14/07/1998,2.05,64,4.32,11,7931.05
5108752393424086,engenharia de petróleo,Gypsy,feminino,21/05/2000,2.04,86,6.88,5,30682.56
5048374016768337,engenharia naval,Janine,masculino,02/07/2002,2.09,81,7.43,8,27094.09
5048374057853527,engenharia de produção,Pat,feminino,16/09/1999,1.98,69,1.21,31,38914.97
5048375103295332,engenharia de petróleo,Sibby,feminino,06/02/2000,1.96,82,4.46,27,14758.54
5108758316773236,engenharia civil,Price,feminino,11/12/1998,1.55,60,6.77,19,29856.7
5108751277002505,engenharia naval,Dal,masculino,15/03/1997,2.06,51,3.23,19,1433.97
5108754349604571,engenharia de petróleo,Olivero,feminino,14/08/1996,2.01,111,6.22,25,6611.83
5108759721937697,engenharia de produção,Nat,masculino,23/05/1997,1.96,55,2.08,18,42120.93
5108753003568841,engenharia de produção,Aguistin,masculino,23/12/1995,1.74,45,7.59,23,38923.92
5108754936029695,engenharia mecânica,Caren,masculino,17/02/1998,1.9,63,8.24,13,9778.51
5048378516026922,engenharia civil,Tades,feminino,11/05/1999,2.04,67,4.71,6,43286.97
5048375633890750,engenharia civil,Niel,masculino,19/06/1999,1.58,52,1.19,29,7117.51
5048379131182876,engenharia de produção,Jessica,feminino,20/04/2001,1.62,82,1.97,3,26001.49
5108756090661841,engenharia civil,Modestia,feminino,26/08/1999,1.6,91,1.79,25,37517.07
5108752951829825,engenharia civil,Olivero,feminino,16/09/1999,1.89,111,6.78,20,8135.18
5048374866273610,engenharia naval,Uri,masculino,17/12/1996,2.04,86,5.73,22,19047.13
5108756077115340,engenharia de produção,Henka,masculino,30/03/1995,1.68,95,9.02,31,27984.68
5048379109394990,engenharia de produção,Ansell,masculino,06/12/2000,1.54,111,4.98,31,16813.98
5048372017694007,engenharia naval,Emmett,feminino,17/05/2002,1.59,104,2.71,17,5239.02
5048379089860036,engenharia civil,Salim,feminino,27/12/1996,1.54,49,1.98,4,28282.49
5108758637363709,engenharia mecânica,Silvano,masculino,27/06/2001,1.88,45,4.18,29,11981.99
5048377326072498,engenharia naval,Abran,feminino,13/07/1997,1.99,105,5.57,9,10759.42
5108755488158253,engenharia de petróleo,Adriane,feminino,30/10/2002,1.55,45,9.6,8,8546.22
5048371516262050,engenharia civil,Hanna,masculino,21/04/1995,1.67,56,5.83,22,44595.23
5048370778848846,engenharia naval,Gibby,feminino,02/08/2002,1.74,103,5.43,13,42424.04
5108756198011824,engenharia naval,Corrie,masculino,25/11/1995,2.03,93,0.33,0,4903.98
5108754251855864,engenharia de petróleo,Glennis,feminino,07/05/2001,1.88,69,4.86,16,19929.7
5048375924905432,engenharia de produção,Zebulen,masculino,08/09/1996,2.03,71,4.03,27,26992.12
5048373351236066,engenharia mecânica,Bill,feminino,23/03/1999,1.68,45,7.99,27,43089.99
5048377570285846,engenharia civil,Karoly,masculino,07/07/1995,1.69,70,1.27,3,1038.93
5048376063970435,engenharia mecânica,Jasun,feminino,24/12/2000,1.86,45,2.3,23,18443.18
5108757837395073,engenharia de produção,Costa,masculino,16/11/1998,1.94,84,0.35,29,32742.97
5048375315706217,engenharia naval,Thia,masculino,26/02/1995,1.69,77,9.91,23,18545.94
5048377649485872,engenharia de produção,Rheba,feminino,23/12/1998,1.54,69,2.48,20,14844.03
5048377674906628,engenharia civil,Wilie,masculino,29/07/2000,1.97,53,1.37,19,13754.39
5048375710418400,engenharia mecânica,Glynn,masculino,05/10/1997,1.53,46,4.58,1,9722.07
5108756010604749,engenharia de petróleo,Yevette,masculino,19/07/2001,1.95,70,4.58,4,36722.85
5048376191961710,engenharia mecânica,Myrta,masculino,10/03/1998,2.08,76,9.11,24,12191.94
5048379589790303,engenharia naval,Megan,feminino,30/11/1998,1.61,49,7.95,0,44546.07
5108759613765271,engenharia civil,Jessa,masculino,06/09/1999,1.73,52,2.1,1,2124.73
5048376913387087,engenharia naval,Bernelle,feminino,25/01/2002,1.64,62,3.38,3,31281.74
5108752321610327,engenharia naval,Fred,masculino,04/07/1997,1.99,66,7.52,10,43438.08
5048378635973681,engenharia de produção,Leelah,feminino,14/08/1999,1.62,83,3.83,3,27743.19
5108759583653861,engenharia de produção,Lorena,masculino,06/01/2000,1.62,84,7.52,1,12149.53
5108751584232217,engenharia de petróleo,Lorie,feminino,28/10/2001,1.98,117,3.22,12,42844.9
5048372491320012,engenharia de produção,Haslett,feminino,27/12/1995,1.64,89,4.74,12,32837.81
5048372089135632,engenharia mecânica,Chantalle,masculino,05/12/1999,1.61,107,1.96,0,33438.91
5108750875777765,engenharia de produção,Thornton,masculino,28/04/1998,1.88,101,8.64,15,2529.89
5048376992340551,engenharia de produção,Phedra,masculino,16/01/2002,1.74,116,9.18,1,33168.17
5048379920183580,engenharia de produção,Danica,masculino,03/03/2001,1.75,84,9.95,15,4572.35
5108758405810634,engenharia de petróleo,Karlan,masculino,05/02/1998,2.1,120,0.25,5,15970.42
5108755599806113,engenharia mecânica,Rafe,feminino,27/06/1997,2.0,71,3.29,0,35235.45
5048374779310731,engenharia civil,Lock,masculino,08/11/2000,2.08,62,0.86,3,43506.33
5048379054034427,engenharia naval,Jeremy,masculino,06/01/2000,1.75,70,0.94,27,25087.89
5108750815373220,engenharia civil,Nehemiah,feminino,30/12/1999,1.85,60,2.82,22,23584.04
5108754903079772,engenharia de produção,Rees,feminino,27/07/2000,1.97,69,4.23,29,1716.39
5048371333852455,engenharia naval,Devonna,masculino,07/06/1996,1.59,112,6.35,10,21567.0
5048379562931452,engenharia de produção,Loy,feminino,16/03/2000,1.53,68,8.3,12,2897.37
5048377188679828,engenharia naval,Clayton,feminino,09/11/2000,1.54,58,2.75,15,13373.91
5048372061791444,engenharia mecânica,Melodee,masculino,11/06/1998,1.96,51,5.51,7,19286.23
5108758037125559,engenharia mecânica,Celisse,feminino,21/02/2001,1.54,94,9.17,26,38066.12
5048375135054970,engenharia civil,Daria,masculino,02/08/1995,1.66,106,3.68,9,36086.65
5108755746242451,engenharia de produção,Martita,masculino,04/05/2002,1.68,93,2.7,22,15493.33
5048375100089043,engenharia mecânica,Warren,masculino,25/10/1999,1.5,78,0.02,8,12437.27
5108750841589476,engenharia de petróleo,Abra,feminino,13/04/1996,1.63,116,1.54,17,5949.98
5108759780972478,engenharia mecânica,Lanie,feminino,24/01/1995,1.76,92,5.11,14,25694.48
5048371668162025,engenharia de produção,Matilde,feminino,02/08/1998,1.95,85,6.05,14,7859.53
5048374891497788,engenharia de produção,Arlyn,masculino,28/02/1996,1.81,89,4.61,12,31508.61
5048370524791415,engenharia civil,Leroy,masculino,23/07/1995,1.97,63,5.74,0,43955.99
5048378605374811,engenharia civil,Nefen,feminino,12/04/1998,1.67,85,0.86,30,24646.52
5048378596384811,engenharia de produção,Rosaline,masculino,02/05/1995,1.8,78,1.23,21,40917.75
5108752095566366,engenharia civil,Kira,masculino,30/10/2000,1.87,103,1.02,3,32224.13
5048370329087951,engenharia de petróleo,Renard,feminino,23/02/1997,1.7,88,4.2,10,819.29
5108757810442686,engenharia de petróleo,Teirtza,masculino,03/07/1995,1.55,103,2.1,15,14076.2
5048376884793206,engenharia de petróleo,Mandel,masculino,04/05/2002,1.65,54,0.67,27,41552.81
5108758359699306,engenharia de petróleo,Shadow,feminino,06/09/1995,1.66,102,6.9,16,22271.52
5048374458693308,engenharia de produção,Kingsly,masculino,29/11/1997,1.94,81,8.17,2,18936.18
5048370760246496,engenharia civil,Chelsie,feminino,08/05/1997,1.99,118,5.07,17,18437.61
5048370983211954,engenharia de petróleo,Egbert,feminino,09/05/1998,1.63,114,2.07,15,22901.45
5048376955189623,engenharia naval,Quillan,feminino,21/03/1999,1.97,99,5.89,16,32560.12
5048371490728506,engenharia naval,Jourdan,feminino,08/10/1997,1.96,57,6.86,1,4731.7
5048377752973094,engenharia de petróleo,Maressa,masculino,15/11/1997,1.62,71,1.91,6,30494.64
5048377845418958,engenharia naval,Annabelle,masculino,31/01/2000,1.6,92,7.02,19,769.02
5048377445211688,engenharia civil,Mervin,masculino,06/01/1997,1.58,85,6.84,15,2108.74
5048370667927461,engenharia naval,Ulric,masculino,11/01/1996,1.8,108,2.29,29,24233.2
5108759749831575,engenharia de produção,Izzy,masculino,05/02/1999,1.93,110,3.06,7,816.59
5048372732539412,engenharia civil,Barbie,feminino,25/02/2002,1.73,109,6.26,7,18069.78
5108756271580901,engenharia de produção,Ikey,feminino,30/05/1996,1.84,47,6.51,31,17180.17
5108759422967381,engenharia de produção,Art,feminino,25/07/1999,2.03,100,6.85,26,29015.86
5108757586507597,engenharia naval,Georg,masculino,15/10/1999,1.95,104,3.24,26,35799.0
5048376280492445,engenharia naval,Hadria,masculino,12/11/1997,1.81,75,2.91,10,23659.35
5048376723029150,engenharia mecânica,Hy,feminino,11/06/2002,1.52,68,4.68,28,30995.48
5108754585013610,engenharia mecânica,Ofella,masculino,06/02/2002,1.9,90,8.71,21,3071.1
5108759812914365,engenharia civil,Bartolemo,masculino,31/03/2002,1.53,53,9.08,18,36529.15
5048370062339718,engenharia de produção,Knox,feminino,03/06/1999,1.68,47,7.13,9,9308.56
5048377260664532,engenharia de petróleo,Faustina,masculino,12/12/1997,1.74,54,8.73,28,8103.65
5048377800919776,engenharia naval,Brook,masculino,14/11/1999,1.97,81,5.15,17,22582.58
5048375580765518,engenharia de produção,Serene,feminino,13/11/1998,1.75,69,4.28,32,19500.86
5048373076233190,engenharia civil,Alvin,feminino,16/09/1997,1.84,110,1.45,25,23834.31
5048379834842040,engenharia mecânica,Delila,masculino,04/12/1997,2.07,99,3.81,3,11441.53
5108750513497941,engenharia mecânica,Baxy,masculino,24/06/2002,1.84,82,2.15,14,23800.31
5108757649772170,engenharia civil,Julian,masculino,18/04/2002,1.68,90,4.67,8,26066.95
5108752592294389,engenharia de produção,Daven,feminino,23/03/1998,1.78,101,4.69,0,43474.38
5048376426516669,engenharia mecânica,Belia,masculino,01/06/2001,2.06,56,1.25,30,44467.32
5108750984724864,engenharia civil,Glynnis,masculino,09/02/1996,1.88,63,0.24,11,24371.24
5048378929006388,engenharia de petróleo,Papagena,feminino,29/01/1997,1.61,72,9.07,26,28416.51
5048377291719552,engenharia mecânica,Herve,masculino,02/03/2002,2.07,100,1.4,30,20466.0
5108753675758191,engenharia civil,Dante,feminino,02/02/1996,2.0,50,4.15,28,2397.72
5108752679797486,engenharia mecânica,Hashim,masculino,13/09/2001,1.69,77,7.69,14,26010.45
5108758211524700,engenharia naval,Golda,feminino,13/05/1997,2.03,114,9.86,25,41568.92
5048378050939696,engenharia de produção,Mic,feminino,04/06/1998,1.89,49,0.11,13,19977.32
5108758161864593,engenharia de produção,Rene,masculino,15/02/2000,2.07,112,4.56,27,36890.13
5048378185996371,engenharia de petróleo,Erek,masculino,07/12/1997,2.08,107,2.86,11,15145.96
5048371341362380,engenharia de petróleo,Lexi,masculino,21/03/1999,1.98,80,2.11,27,22384.22
5108759137509775,engenharia de petróleo,Lou,masculino,29/10/2001,1.81,75,4.23,12,37116.95
5048378573615781,engenharia naval,Yvon,feminino,13/07/2001,1.8,63,5.68,1,17010.76
5048372370226488,engenharia de produção,Eula,masculino,01/08/1997,2.0,72,6.23,26,29553.78
5108758934208136,engenharia de petróleo,Dimitri,masculino,13/06/1995,2.06,104,5.07,10,40629.01
5048379635698955,engenharia mecânica,Angy,feminino,11/08/1995,1.51,56,1.25,17,36283.76
5048372668812122,engenharia de produção,Aeriela,feminino,03/01/1995,1.51,81,1.67,19,16065.48
5108751901111813,engenharia naval,Rivi,feminino,22/05/1996,1.98,89,9.25,19,3042.23
5048375920444634,engenharia de produção,Darrell,feminino,24/10/1996,1.94,67,8.1,10,28824.17
5108759763134120,engenharia de produção,Kristy,masculino,04/09/2000,1.59,72,9.21,16,6581.01
5108752883511152,engenharia de produção,Alene,feminino,21/06/2001,1.77,76,8.18,8,5277.3
5048376658292575,engenharia civil,Austen,feminino,06/07/2001,2.09,63,5.16,31,5305.32
5048373278332394,engenharia naval,Natty,feminino,05/04/1996,1.54,110,1.1,4,31398.18
5108755337655129,engenharia de petróleo,Susana,feminino,24/01/2000,1.84,87,8.9,19,21805.63
5108757511283694,engenharia mecânica,Bidget,feminino,29/08/1997,1.74,97,2.46,7,38448.35
5048370661694695,engenharia mecânica,Walton,masculino,01/03/1996,2.04,61,8.21,1,14054.78
5108753349717136,engenharia naval,Brynna,feminino,17/02/1999,1.56,96,3.03,19,21797.43
5108759242241884,engenharia naval,Bary,masculino,02/12/1997,1.85,68,2.87,13,10098.74
5108753227279076,engenharia civil,Effie,masculino,25/03/1995,1.87,61,9.7,7,6494.52
5048374011689231,engenharia de produção,Elmore,feminino,19/11/2000,1.91,73,3.72,19,1536.01
5108750099143570,engenharia de petróleo,Vivi,masculino,26/10/2001,1.67,96,3.8,25,31377.57
5048370667873517,engenharia naval,Goddart,masculino,20/08/1995,1.87,49,1.45,4,35660.94
5108756282462685,engenharia de petróleo,Ross,masculino,19/06/1998,2.1,60,8.84,11,21867.68
5108751451683542,engenharia mecânica,Reinhold,masculino,09/07/1996,1.93,68,1.75,12,22839.12
5108759596778531,engenharia civil,Freedman,feminino,22/02/1999,2.07,59,5.6,13,27017.26
5108754550514949,engenharia mecânica,Tiffy,masculino,14/05/1998,1.78,50,4.81,29,29256.95
5108758958826698,engenharia de petróleo,Maighdiln,masculino,24/07/2002,1.89,104,3.96,15,36793.78
5048374929215715,engenharia mecânica,Kym,feminino,30/07/1997,1.6,58,8.95,29,36553.89
5048373072550415,engenharia de produção,Alan,feminino,04/04/1995,2.02,108,9.63,7,29905.83
5048371860342698,engenharia mecânica,Alastair,feminino,08/04/2001,1.95,85,9.36,5,41043.16
5048377231508099,engenharia naval,Davida,feminino,17/03/2002,1.74,75,4.25,0,8275.15
5048370845459981,engenharia mecânica,Brig,masculino,01/02/2000,1.69,89,8.73,27,11622.85
5108750402419337,engenharia de produção,Ham,feminino,02/06/2001,1.81,74,7.04,5,44311.46
5108754652767619,engenharia de petróleo,Spenser,feminino,22/05/1997,1.73,88,2.12,28,7710.91
5108755690386577,engenharia naval,Stephine,feminino,16/03/1998,1.59,96,8.41,14,39756.42
5108751041250950,engenharia mecânica,Marlo,masculino,08/02/2000,1.68,80,0.89,29,13255.04
5048377167920813,engenharia naval,Carlin,masculino,24/01/1996,1.82,64,6.54,10,25000.32
5048371377336480,engenharia civil,Bibbie,masculino,13/02/1996,2.06,74,5.04,3,37372.98
5108757678442497,engenharia civil,Dolph,masculino,13/02/2001,1.9,59,3.61,24,31111.73
5108754436184925,engenharia de petróleo,Valentijn,feminino,16/10/2001,1.9,107,5.37,10,22060.01
5048379364764994,engenharia de produção,Dean,feminino,21/03/2002,1.68,103,4.74,18,38126.82
5048373521347793,engenharia mecânica,Anatollo,masculino,07/01/2001,1.95,49,2.75,7,18944.39
5108759645493629,engenharia de petróleo,Melba,feminino,23/06/2002,2.07,47,7.18,17,6317.94
5108753138509942,engenharia naval,Catherina,masculino,23/03/2000,2.04,46,8.83,32,23544.36
5048375796962115,engenharia de petróleo,Fara,masculino,22/01/1997,1.82,102,3.51,3,35962.47
5048379300953297,engenharia naval,Cherilyn,feminino,27/03/1999,2.08,109,3.16,19,37764.03
5048378420768866,engenharia naval,Libbie,feminino,24/12/2000,1.91,75,4.68,22,23485.43
5108757765156869,engenharia mecânica,Lee,feminino,09/03/2001,1.92,102,2.01,18,3963.5
5048374490475334,engenharia naval,Rodrique,feminino,11/12/1996,1.57,77,0.03,22,13655.81
5048374443009073,engenharia de petróleo,Beatrisa,masculino,22/02/2000,1.81,47,8.84,21,11516.69
5048378370041629,engenharia mecânica,Francois,masculino,16/02/1995,1.97,51,6.24,22,38316.18
5108757051288749,engenharia de produção,Graeme,feminino,28/05/2001,1.88,63,3.13,26,10052.42
5048376283927082,engenharia mecânica,Jana,masculino,08/12/1998,2.04,45,9.92,1,36277.65
5048378411876942,engenharia de petróleo,Mahmud,feminino,01/03/2002,1.73,45,3.24,30,15874.71
5048371213516295,engenharia civil,Clarke,feminino,25/03/2000,1.9,79,3.82,4,17104.3
5048373998246171,engenharia naval,Berry,feminino,11/10/1997,1.69,53,5.06,3,6965.88
5108750226756450,engenharia civil,Aveline,masculino,20/01/2002,1.71,102,2.94,29,3302.13
5108752425588122,engenharia civil,Ardath,masculino,06/10/1996,1.6,96,9.27,15,15721.05
5108757760207667,engenharia civil,Corenda,feminino,12/05/1999,1.6,90,3.14,7,12743.36
5108751094507686,engenharia de petróleo,Mikaela,masculino,27/06/1998,1.58,84,0.35,21,18067.38
5048371918441344,engenharia civil,Charissa,feminino,14/11/1996,1.79,104,1.69,18,37153.76
5108758893452055,engenharia de petróleo,Udell,masculino,19/06/1996,1.74,117,1.52,8,30684.7
5108757292500779,engenharia civil,Claus,masculino,27/03/1996,1.7,58,6.27,18,21410.11
5048376365830881,engenharia de produção,Mendel,feminino,10/03/2002,1.99,89,9.63,7,5401.65
5048374775057468,engenharia mecânica,Nickolas,masculino,19/04/2001,2.05,115,9.95,22,16309.39
5108750009830209,engenharia naval,Jaquenette,masculino,04/10/2000,2.06,115,1.59,17,6676.0
5108756660279669,engenharia civil,Rheba,masculino,04/10/1996,1.86,51,8.02,18,40810.75
5048371661530277,engenharia civil,Jerri,masculino,01/05/1998,2.05,80,6.53,17,39367.11
5108753887066763,engenharia de produção,Agneta,feminino,07/04/1996,1.64,109,8.18,25,43677.46
5108752526518911,engenharia civil,Waldemar,feminino,23/08/2002,1.78,62,1.47,11,2752.28
5048376370508183,engenharia naval,Tiffany,feminino,21/10/1996,1.5,120,2.82,25,38506.94
5048372315200762,engenharia de produção,Jeni,feminino,02/02/1997,1.79,93,4.25,25,29406.72
5048373260664820,engenharia de petróleo,Aida,feminino,04/01/2000,2.08,103,6.66,2,6938.57
5048376973817023,engenharia civil,Marie-jeanne,feminino,05/01/1995,1.77,88,7.44,12,26975.56
5108750409034535,engenharia civil,Lydon,feminino,15/01/1999,1.51,47,5.27,7,10996.47
5048379092522128,engenharia civil,Neely,masculino,07/09/1999,1.55,106,2.72,1,23707.89
5048376336572513,engenharia naval,Bettina,feminino,15/09/2000,1.87,91,4.99,10,32116.59
5048373245374362,engenharia de petróleo,Jody,feminino,04/10/2000,1.76,56,6.22,12,24228.11
5108750011170271,engenharia de petróleo,Willette,masculino,27/03/1995,2.0,112,2.66,8,7938.52
5108754719662712,engenharia de petróleo,Burch,masculino,07/02/1996,1.76,97,4.35,10,35930.75
5048376196437153,engenharia naval,Jessy,masculino,11/08/2001,1.5,118,7.0,4,28250.25
5108755595288068,engenharia civil,Eba,feminino,19/07/2000,1.73,84,5.79,22,825.68
5108755886650745,engenharia civil,Judd,feminino,06/01/1995,1.74,107,6.48,21,26783.04
5108753648650251,engenharia mecânica,Halsey,masculino,03/08/1996,2.02,114,5.18,2,14807.06
5108759910772111,engenharia de petróleo,Salli,feminino,04/09/1997,1.99,119,0.96,30,10902.83
